"1,404_RALLYING.naf
"1,241_RALLYING.naf
"1,243_RALLYING.naf
"1,313_RALLYING.naf
"1,313_RALLYING.naf
"1,320_RALLYING.naf
"1,320_RALLYING.naf
"1,403_RALLYING.naf
"1,403_RALLYING.naf
1000 Lakes Rally
"1,405_RALLYING.naf
"1,405_RALLYING.naf
12th Dynasty
1966-76 Cultural Revolution
1993 BellSouth Classic
1993 World Cup
1996 Miss Teen USA
1997--Ruehe
1ama
21st African Cup of Nations
3M
90
A$
A$
A$
A$
A$
A$
A$
A$
AA
Aamir Sohail
Aamir Sohail
Aamir Sohail
Aamir Sohail
Aamir Sohail
Aamir Sohail
Aamir Sohail
Aamir Sohail
Aamir Sohail
Aamir Sohail
Aamir Sohail
Aamir Sohail
Aamir Sohail
Aaxis
Aaxis Limited
Abbaye
Abdel-Rahman
ABDERDEEN
Abdul-Karim al-Kabariti
Abdul-Karim al-Kabariti
Abdul-Karim al-Kabariti
Abdul-Karim al-Kabariti
Abdul Latif Helou
Abdul Rahman
Abdul Rahman Haj Yihye
Abdulsamad Hameed Ali
Abdul Samad Ismail
AbelardoFernandez
ABN-AMRO Hoare Govett
A. Brown
A. Brown
Abu Ibrahim
Abu Rdainah
Abyss DeJesus
A. Campbell
ACC
ACCESS
Acimovic
A. Cottey
A. Cowan
A. Cowan
Action Performance Cos Inc
A. Curts Cooke
AD
A. Dale
Adams
Addameer Prisoners Support Association
Add Hapoel Ironi
ADDIS ABABA
Addis Ababa
Addis Ababa
AD DUSTOUR
Adel
Adelbert Knobl
Adel Ibrahim
Adel Ibrahim
Adelt
Adem Hacini
Adem Hodzic
A.de Silva
A.de Silva
Adler Capelli
Admira / Wacker
Admira / Wacker
Adnan Xhelili
Adolfo
AdOn
AdOn GmbH
Adriana Serra-Zanetti
Adrian Warner
Adrian Warner
Adrian Warner
Adrian Warner
Adrian Warner
ADV
Advanced Medical
Advanced Medical Inc.
AECO
AEI
AEI Iberfreight
Aerodrom Beograd
Aerostan
A. Flower
A. Fraser
A. Fraser
African Champions Cup
African Cup Winners ' Cup
AFRICAN CUP WINNERS ' CUP
African Nations ' Cup
African Nations ' Cup
Afrikaners
Afrim Tole
"A.G. Edwards & Sons ,493_BALANCE.naf
"A.G. Edwards & Sons ,735_BALANCE-Water.naf
AGF-IART
A. Giles
A. Giles
A. Giles
A. Giles
A. Giles
Agir Ensemble pour les Droits de l'Homme
Agnes Goinxha Bejaxhiu
Agnieszka Godras
Agota Kuperman
Agricultural Statistics Service
Agriculture Ministry
Agriculture Ministry
Agriculture Ministry
Agriculture Ministry
Agrins Zarins
AGROTONZ TLUMACOV
Aguas Zarcas de San Carlos
Aguirre
A. Gurusinha
A. Harris
Ahmed Abdel-Rahman
Ahmed Faizy
Ahmed Hashem Zighayer
Ahmed Kafawin
Ahmed Korei
Ahmed Mestiri
Ahold NV
A. Hollioake
A. Hollioake
aid-U.N.
Ainars Kiksis
Ainars Kiksis
Ai n't no telling
Airbus 310
Airbus 310
Airbus 310
Airbus
Airbus
Airbus A310
Airbus A310
Air Cargo Newsroom
Air Cargo Newsroom
Air Cargo Newsroom
Air Cargo Newsroom
Air Corps
Air Express International
Airport Facilities
Airport Facilities Co Ltd
Aishwarya
Aiza Dudayeva
A. Jadeja
A. Kapoor
Akbel
Akbel
Aki
Aki
Aki
Aki
Aki
AL
AL
Alan Ackerman
Alan Bateman
Alan Elsner
Alaniya Vladikavkaz
Alan John Percivale ( A.J.P. ) Taylor
Alan Lovell
AL-ANWAR
AL-ANWAR
Alarm UK
Alastair Macdonald
AL ASWAQ
Alba
Alba
Alba
Alba
Albanian-born
Alberta
Alberto Costa
Alberto Costa
Alberto Piotti
Albion
Albion
Albion
Albion
Alcatel Alsthom
A.L. Central
al-Daih
Aleix Vidal-Quadras
Aleksander Lebed
Aleksandrovac
Alena Koroleva
Alessandra Merlin
Alessandro Baronti
Alexander Babayan
Alexander Barkhatov
Alexander Bavykin
Alexander Livshits
Alexander Paris
Alexandre Barros
Alexandre Mikhailov
Alexandroupolis
ALEXANDROUPOLIS
Alex Belometti
Alex Boraine
Alexis Blanc
Alexis Blanc
Alex O'Brien
Alex O'Brien
Alex O'Brien
Alex O'Brien
Alex O'Brien
Alex O'Brien
Alex O'Brien
Alex O'Brien
Alfonse D'Amato
Alfonso Rios
al-Gama'a al-Islamiya
Algerians
Algeria TV
Algoa Day
Alhadji Kromah
Ali Ahmed
Ali Dib
Ali Fallahiyan
Ali Fallahiyan
al-Ingaz al-Watani
Alkhan-Yurt
ALKHAN-YURT
Allahu Akhbar
Allan Budi Kuksuma
Allan Mullally
Allen
All-England Club
All Fishermen 's Association
Alliance-Menatep
All-Star
All the President 's Men
AL-MUNTAR
Alomella Robles
Alonso Cervera
Alpha Technologies Group Inc
Alpha Techs
Alpine
AL-RAM
al-Risala
Alta
al-Tadamun
Altamira
Alucasa
Alvarado
Aly Ashour
Amazon Affairs Department
Amer Hishem Ali Mohammed
American
American
American Catholics
AMERICAN FOOTBALL-RANDALL
American League Western
American Names Association
American Olympic
American Olympic
Americans
American-style
American-style
America Online Inc
Americast
Ameritech Corp.
Amina Muhammad
Amman-bound
Ammar Awad
Ammar Rihawiy
Amoco Corp
Amoco-Yemen
Amra Kevic
Amrollah
Amsterdam
Amsterdam Newsroom
Amsterdam Newsroom
Amsterdam-Rotterdam
Amsterdam-Rotterdam-Antwerp
A. Mullally
A. Mullally
A. Mullally
A. Mullally
A. Mullally
AN
An
An
Anatoly Gorokhovsky
Anatoly Shkirko
Ancell
Andean
Anders Haglund
Anders Olofsson
Anders Thoren
Andi Kanstinger
Andre
Andrea Castellani
Andrea Muller
Andrea Sgorlon
Andre Bois
Andre Caboche
Andre Cloete
Andrei Ivanov
Andrei Tiwontschik
Andrejez Wozniak
Andre Venter
Andrew
Andrew Blades
Andrew Gray
Andrew Huddart
Andrew Park
Andrew Park
Andrew Pitts
Andrew Pitts
Andrews
Andy Ballace
Andy Capicik
Andy Colquhoun
Angel Aguirre
Angelo Medeghini
Aninat
Anis Ahmed
Anjalonkoski
Anja Smolders
Anka Baier
Anke Baler
An Marchal
An Marchal
An Marchal
Annabel Ellwood
Annabel Ellwood
Anna Knoroz
Ann Battellle
Anneke Matthijs
Anne Marken
Anne Miller
Anne Miller
Anne Miller
Anne Miller
Anne Murray
Anne of a Thousand Days
Anne Thily
Annette Peters
Ann Mercken
Ann Stephens
Anthony Hill
Anthony Hill
Anthony Hill
Anthony Hill
Anthony Hill
Anthony Nyakyi
Anti-Bhutto
anti-Rangoon
anti-Semitic
Antoine
Antoine Lebouc
Antoine Lebouc
Antoine Lebouc
Anton Drobnjak
Anton Ferreira
Antonio Kandir
Anton Schutte
Anza
AOL Europe
AOL Germany
APA
Apache et al Saunders 14-28
A. Parore
A. Penberthy
Apertura
Apex Tannery
Apic Yamada
Apic Yamada Corp
Aples Tecuari
AP Moller
APS
Arab
Arab
ARAB
Arab
Arab
Arab East Jerusalem
Arab East Jerusalem
Arab East Jerusalem
Arab East Jerusalem
Arab East Jerusalem
Arabian Light
Arabised north
Arab-Israeli
Arabs
Arabs
A. Ranatunga
Arce
Arch
Archaeological Society
Archives
Arch Petroleum Inc
Area Electricity Boards
Arequipa
Arequipa Resources Ltd
Argentine Apertura
Ariel Cruz
Ariz
Arjan Bellai
Ark
Ark
Armando
ARMANDO
Armando Alvarez
Armando Alvarez
Armir Grima
Arnold
Aronkasei
Aronkasei Co Ltd
Arthur Yates
Arthur Yates and Co
Artisans for Peace
Artyom Danielyan
Arulanandam
Arwel Jones
Aryeh Shumer
A.S. Bacau
A. Shah
Ashish Kapoor
Ashley Mocude
Asian Star TV
Asia Rubber Markets meeting
Asif Ali
Aslan Shabazov
A. Smith
Assembly
asset-St . Louis
Association of Lloyd 's
A. Stewart
A. Stewart
A. Stewart
A. Stewart
A. Stewart
A. Stewart
Astrit Hafizi
ASUU
A. Symonds
A. Symonds
Athens Newsroom
Athens Newsroom
Athens Newsroom
Athens Newsroom
Athens Newsroom
Athens Newsroom
Athens Newsroom
Athetlics
Atlalanta
Atlanta-based
Atlantic
Atlantic
Atlantic Ocean
Atlantic Ocean
Atlantic Ocean
Atlas Bangladesh
ATLETICO
Atletico
ATP Tour
Atria
ATRIA
Atria Oy
Augusta
Augusto Lendoiro
Aussies
Australia Day
Australian
Australian
Australian All-Ordinaries
AUSTRALIAN RULES-AFL
Australia Senate
Australia-West Indies
Austria I
Austria III
Authority
Avellino
AVIA
Avonex
Avraham Tamir
Awdankiewicz
A. Wells
A. Wells
A Woman
A World of Things
AXE
Azad ( free ) Kashmir
Azad ( free ) Kashmir
BA
Baby Bells
Bachar Srour
Badi-Tondon
Baeron
Baghdad
"Bailard ,938_Wall.naf
Bajaia
Bakhit Saad
Balakow
Bala Naidoo
BALANCE-Water Dist 1
BALKAN
Balkan
Baltic
Bamerindus
BAN
Banat
Banc One Capital Corporation S.B.K- Brooks Investment Corp
Banc One Corp.
Banespa
BANGKOK Thailand
Banglabazar Patrika
Bangladesh Lamps
Banharn
Banharn
Bank Duta
Bank Rozwoju Exportu SA
Barbara Merlin
Barbara Merlin
Barbara Merlin
Baret
Barnagar
Barnett Banks Inc.
Barrick Gold Corp
Barrick Gold Corp
Barrick Gold Corp
Barrington Research Associates Inc
Bartlomiej Jamroz
Barton
Baruch Meyers
BARUM HOLDING
Basie Smit
Basle
Batchelor
BATKIVSHCHYNA COLLECTIVE FARM
Batterby
Battersby
Battle Mountain
Battle Mountain Gold
Baxter International Inc
Baya
Bay Co Bldg Auth
Bay Co Building Authority
BayerVB
BBC radio
BBC radio
BC
BCH
Bear Stearns & Co Inc
Beaver
Becanovic
Becej
Becej
Becerril
Becky Sundstrom
Bedibunder
Bedi Bunder
Bedie
Bedouin Palestinian
Bedouin Palestinians
Beijing-backed
Beijing-funded
Beirut Secondary Market
Bekescsaba
Belgrade Newsroom
Belim
Belinda Goldsmith
Bell St Station
Belometti
Benchaou
Benedict Birnberg
Ben Ellwood
Benfica
Ben Gurion
Benjamin
Benjamin Menendez
Bentsen-era
Bergamo-based
Berkshire Wood Elves
Berlin Grand Prix
BERLIN GRAND PRIX
Bernard Halford
Bernard Hickey
Bernard Ingram
Bernardo Arce
Bernard Weinstein
Bernd Mauruschat
Bernd Schiphorst
Bernd Schmidbauer
Bernd Zobel
Berne Convention
Bernini
Berri
Berry
Bertillon 166
Bert Lauwers
Bertram
Beryll Remblance
Bestop Inc
Best Products Co
Betar
Betcher
B. Hogg
Bibiana Perez
Bibiana Perez
Bibiana Perez
Bill Berkrot
Bill Berkrot
Bill Berkrot
Bill Brett
Billy Swift
BILO
Biogen Inc
"BioVest Research ,693_U.S..naf
Birmingham Public Park
Birmingham Public Park & Rec
Birnberg
Bitar
Bitar
B. Julian
B. Julian
Black
Black
Blair Larsen
Blake Bath
Blanc
B. Lara
Blitz
BLOM Stock Index
Bloomsbury Minerals Economics
BME
BNR
Board
Boatmen 's
Boatmen 's Bancshares Inc.
Bob Janis
Bob Moore
BOBSLEIGH-SHIMER
BOBSLEIGH-WORLD CUP
"Bodman ,1029testa_PRESALE.naf
Bodo / Glimt
Boeta Wessels
Bogdan Prusek
Bold / Ogilvy and Mather
"BOLD / OGILVY ,831_ND.naf
Bolesy
BOLSWESSANEN
Bombay Commodities
Bombay Commodities
Bonn
Bonn
Bonnet
BONNET
Bonny Light
Book of Mass
Boo-nee-OL
Boraine
Boris Nikolayevich
Borkus
Bormirow
Born
Borsuk
Bose
Bosia-Hercegovina
Bosnia-Hercegovina
Bosnian Association for Refugees and Displaced Persons
Bosnian Croat
Bosnian-Croat Federation
Bosnian Moslems
Bosnians
Bosnians
Bosnian Serb
Bosnian Serb
Bosnian Serbs
Bosnian Serbs
Bosnian Serbs
Botta
Bou Haroun
Bou Haroun
Bourlet
Bourlet
Boutoille
Bovine Spongiform Encephalopathy
Bovine Spongiform Encephalopathy
Boxer
Boxer Rising
Boxing Association
Boxing-Bruno
Boxmeer
Boy Scout Rally
Brad Dorfman
Brady
Brady Bill
Brady Law
Bradys
Branko Bilbija
Brazilian Plastic Surgery Society
BRE
Breakfast Soybean Procurement Assn
BREGANCON
Brendan Intindola
Brent
Brent
Brentford3
Brewpole BV
Bre-X Minerals Ltd
Bre-X Minerals Ltd
Brian Bronson
Brian Claar
Brian Gilbertson
Brian Homewood
BRIGHT-BELGIANS
Brigita Bokovec
Brigitte Obermoser
Britain
Britain I
British Airways-American
British Data
British Data Management
British Petrolem
British-ruled
British-ruled
British Securities and Investments Board
Brotherhood of Nations
Broward County Sheriff 's Office
Brown
Brown
Bruno Adelt
Bruno Eichmann
Bruno N'Gotty
Brunswijk
Brunswijk
Brush Wellman Inc
Brussels Grand Prix
BRUSSELS GRAND PRIX
Brussels Newsroom
Brussels Newsroom
Bryan Gorman
BSE-infected
BSM
Bucharest Newsroom
Bucharest Newsroom
Bucharest Newsroom
Bucharest Newsroom
Budge Weidman
Budi Santoso
Budisuryana
Buducnost ( P )
Buducnost ( V )
Buducnost ( V )
Buenos Aires Newsroom
Buenos Aires Newsroom
Bulatka
Bunds
Burcin Mavituna
"Bureau of Alcohol ,215_State.naf
Burj al-Laqlaq Society
Burke
Burundi-Central Africa
Busang
Busang
But
Butch Cassidy and the Sundance Kid
Butte
Buza
B. Yeltsin
B. Young
C$
C$
C$
C$
C$
C$
C$
C$
CA
CAC-40
CAC-40
CAC-40
CAC-40 General
Caesar Mazzolari
Cairo
Caja de Madrid
Calcutta hospital
Calderon
California
California Avocado Commission
California Proposition 215
Caltex Petroleum Corp
CAMAT
Cam Battersby
C. Ambrose
C. Ambrose
Camerlengo
Campo
Canada
CANADA
Canada I
Canada I
Canadian
Canadian
Candice Gilg
Cap de Villefranche
Career Horizons
Career Horizons Inc
Cargill Inc
Caribs
Caribs
Carlo Corrazin
Carlo Hoffmann
Carlo Orlandi
Carlos Ponce
Carmen Wuestenhagen
Caroline Olivier
Carol Norris
Carol Perry
Carrefour
Casino Graz
Castle Cup of Africa
Catherine Borghi
Catherine Borghi
Catherine McKiernan
Catholic Information office
Catholic Information Office
CBSA
C. Cairns
CDU 3
CDU
CDU / CSU
CDU No . 3
CDU No.3
Cedric
Central African
Central African
Central Bank
Central European Free Trade Area
Central Jakarta District Court
Central Office of Statistics and Information
Centre for Sociological Studies
CentrInvest Securities
Cesare dal Maso
CESKA SPORITELNA
Cetes
C. Evans
Chad
Chad
Chad
Chadler Thompson
Chakravarty Rangarajan
Chamber
Chamber of Deputies
Chamber of Economy
Champions ' League
Champions ' League
Chan Chia Fong
Chan Rattana
Chaouch
Chapman Golf Club
Chapter 11
Charles Bauza Donwahi
Charles McGilley
Charles-Michael Friedek
C. Harris
Chase Securities Inc.
Chatelet
Chatelineaux
Chechen
Chechen
Chechens
Checker 's
CheckFree
CheckFree Corp
Chen
Chen Chun-yeh
Chendo Porlan
Chen Gang
Chen Gang
Chen Longde
Chernomorets Novorossiisk
Chernyshev
Chesapeake Police Department
Cheung
Cheung Siu Man
Cheuvreux de Virieu
Cheveley Park Stud
Chiate
CHICAGO AREA MILLS
Chicago Newsdesk
Chicago Newsdesk
Chicago PMI
Chicago Purchasing Managers
Chicago Purchasing Managers
Chilean
China-bound
China National Nonferrous Metals Import and Export Corp
China Securities
Chindia Tirgoviste
Chinnathambi
Chiron Corp
Chistian Cevaer
Chittagong Cement
Chonan
Chonan
Chonan
Chonan
Chonbuk
Chonbuk
Chonbuk
Chonbuk
Chong Tan Fook
CHONJU
Chonnam
Chonnam
Chonnam
Chonnam
C. Hooper
C. Hooper
C. Hooper
C. Hooper
C. Hooper
Choudhury
Chris Aspin
Chris Hunt
Chris Rutter
Chris Rutter
Christian Arrue
Christian Maronite
Christian Meidlinger
Christian Rijavec
Christian Rudd
Christians
Christians
Christian-Shi'ite
Christina Singer
Christophe Capelle
Christophe Grelombe
Christophe Impens
Christophe Pignol
Christopher Granville
Chris Widness
Chris Yarangga
Chris Zuleeg
Chua Jui
Chuman
Ciments Blancs
Ciments Libanais
Cimicchi
CINCO DIAS
CINCO DIAS
Cindana
Ciputra Development
CIS
CIS
CIS
CIS
Cito
Citra Group
Civil Defence and Coast Guard
Civil War Conservation Corps
CKD PRAHA HOLDING
Claudia Liz
Claudia Mues
Claudia Riegler
Claudio Moura
Claus
Claus Hirsbro
Claus Manne Nielsen
Claverie
Clean Air Act
Cleveland Newsdesk
C. Lewis
C. Lewis
C. Lewis
C. Lewis
C. Lewis
C. Lewis
CLINTON AND CEDAR RAPIDS
Clintons
CNB
CNB-120
CNB
CNE
CNIEC
CNR
CO
Coe and Clerici
Cofinec
Cofinec
COFINEC
Cofinec S.A.
Cofinec S.A.
Col
Col
Colin Hope
Colleen Siegel
Collin Dugmore
Cologne
Colon
Colonna
COLONNA
Colonna
Colonna
Colorado Christian Home
Colorado Health Fac . Auth . National Benevolent Assoc .
Comelf
COMELF
Cometra et al Morinville 11-13
Commerce
Commerce Ministry
Commission
Commission Regulation
Commission Regulation
Commodity Credit Corp of USDA
Commonwealth of Independent States
Commonwealth of Independent States
Communications and Transportation Ministry
Communist
Communist-led
Communist-led
Communists
Communist United Marxist-Leninist
Community Customs Code
Companion Building Material
Companion Marble
CompuServe Corp
Computer Systems Inc
Conference on Disarmament
Conference on Disarmament
Conn
CONNECTICUT
Conroy
Conservative New Democracy
Consolidated Financial Data
Constitutional Rights Project
Constructorol
Constructorul
Consumer Project
Conte
Continental
Cooke
Coolee City
Cooperative
Cooperative Bank
Cooperative Bank of Taiwan
Coopers and Lybrand
Coordinate of Ecumenical Service
Copland
Copper and Brass Servicenter Association
Corentine Martins
Corentine Martins
Corey Pointer
Cornel Papura
Cornwell
Corrado Covi
Correction Department
COSTA
Costain Group Plc
Costa Rica-Nicaragua
Costa Rican Volcanic and Seismologicial Observatory
Coste
Costis Stephnopoulos
Coughlan
Council
Council Regulation
CPI
Craig Held
Craig Stromme
Craig Winrow
Creative Marketing & Promotions Inc
Credit Rating and Information Systems Ltd
Cricuma
Cristiano Citto
Cristina Torrens-Valero
Cristina Torrens-Valero
Croatian
Croatians
Croatia Switzerland
Croatia-Yugoslavia
Crofts
CRP
C. Spearman
C. Tolley
Cubans
Cukaricki
Cukaricki
Cukurova
Cultural Revolution
Cultural Revolution
Cuo Dan
CUP
Cup
Cup
Cup
Cup
Cup Winners ' Cup
Cup Winners ' Cup
Cup Winners ' Cup
Curtis Lee White II
C. Walsh
C. White
C. White
C. White
C. White
C. White
C. Wishart
Cyprus-based
Cyprus Grain Commission
Cyril Bos
Czech Civic Democratic Party
Czech Republic I
Dacom Corp
Dacom International
Dadabhoy Investment ( pvt ) Ltd
Daewoo Corp
Daewoo Dacom Communications
Daewoo Information
Daewoo Information Systems Co Ltd
Dahman
Dahshour
Dai
Dai Houying
Dallas-Fort Worth
Dal Maso
Damascus Radio
Damein Fleming
Damian Ejiohuo
Damien Flemming
Dampier
Dan Cuo
Dan Dietsch
Daniele Polverino
Daniella
Danielle Murray
Daniel Levy
Daniel Manu
Daniels Pharmaceuticals
Daniels Pharmaceuticals Inc
Daniel Westlake
Danie van Schalkwyk
Danie van Schalkwyk
Danila
Danius Gleveckas
Danius Gleveckas
Dan Jensen
Dan Jewell
Danny Rose
Danny Theybers
Dan Pudvah
Daoud
Daoud Makkawi
Dariusz Jackiewicz
Darrel Voeks
Darren McKenzie-Potter
Darryll King
Das
Date
Dated Brent
Dave Pearson
David
David Brinkerhoff
David Caldwell
David Cowan
David Dofara
David Endt
David Harding
David Harrison
David Jones
David Kiptoo
David McLeod
David Nainkin
David Nainkin
David Naish
David Rowland
David Shulman
David Snow
David Williams
David Williams
David Williams
Davies
Davies
Davies
Davis
Dawie Theron
Dawn Bowles
DAX-3O
Dayana
D. Bicknell
D. Bicknell
D. Blenkiron
D.C. Coalition Against Domestic Violence
D. Cork
D. Cork
D. Cork
D. Cox
D. Cox
D. Cox
Deborah Charles
Deby
Decker
Defence
Defence and Aviation
Defence Ministry
DeJesus
de Klerk
De Kock
De la Pena
Deligst
della Noce
Delphis Hanover
Demel
Democratic Convention
Democratic National convention
Democratic National United Movement
Democrat National Convention
Democrats
Den Bakker
Denham Peiris
Dennis Luebke
Den Norske Stats Oljeselskap AS
Department of Corrections
Department of Humanitarian affairs
Department of Transport
Department of Transport
Deportivo Coruna
Deportivo Coruna
Deportivo Coruna
Deportivo Coruna
Deportivo Coruna
Deportivo Coruna
Deportivo Coruna
Deportivo Coruna
Derek Bevan
Derek da Cunha
de Silva
de Silva
DES MOINES
DES MOINES
Desmond Supple
Detroux
Dewey
De Wilde
Dfl
D. Fleming
D. Flemming
D. Fulton
D. Fulton
D. Fulton
D. Fulton
DHA
Dhaka
Dhaka Newsroom
D. Headley
D. Headley
Dheeraj
Dhiraj K.C.
Diamond Shamrock Inc
Didier Ernst
Dieter U
Dietmar Lalcher
Dimitrios Georgalis
Dimitrios Georgalis
Dimitris Kontogiannis
Dimitris Kontogiannis
Dimitris Kontogiannis
Dimitris Kontogiannis
Dimitris Kontogiannis
Dimitris Reppas
Dinamo
Dinamo
Dinamo
DINAMO
Dinamo
Dinamo
Dion Fourie
Dion Fourie
Dionne Rose
Dionne Rose
Dionne Rose
Dirk Dier
Dirk Dier
disarmament-China
Distillers
division
division
division
DIYARBAKIR
Diyarbakir
DIYARBAKIR
DKV
D. Lehmann
DLJ Merchant Banking Partners LP
Dm
D. Millns
Dmitry Kuznets
Dmitry Solovyov
Dnevi Avaz
DNIB
DNUM
Doe Run
Doetinchem
Doetinchem-Doetinchem
Dofora
Dole White House
Dolly
Domingo Hospital
Domingos
Domingos Oliveira
Domingos Oliveira
Dominick Gauthier
Donizetti
Donje Ljupce
Donkow
Don Loewen
Donna Sells
Donna Wynd
Don Penney
Don Rieck
Don Robertson
Doreen Siow
Dos Santos
Dos Santos
DOT
Douati Alphonse
Doubletree Corp
Double Trigger
Doug Kennett
Douglas & Lomason
Douglas & Lomason Co
Doug Turner
Dow Chemical Co
Dragutin Stanojlovic
Drazek
Drazen Beser
Dream Team
Dream Team
Dream Team
Drew
Dreyfus Strategic Municipals Inc
Dreyfus Strategic Munis
Driefontein Consolidated and Gold Fields ' Kloof Gold Mining Co
Driefontein Consolidated Ltd
D. Ripley
D. Robinson
D. Robinson
D. Robinson
DSE
DSE
DTB-Bund-Future
Dublin Newsroom
Dublin Newsroom
Dublin Newsroom
Duessseldorf
Duff and Phelps
Dugmore
Duke of Norfolk 's XI
Duma
Duncan Shiels
Duran
Dusan Kovacs
Dusan Kovacs
Dutchman
Dutch PTT
Dutch PTT
Dutra
Earl Feugill
Earth First
East Coast
East coast
East Dries
Eastern Cables
Eastern Region Brigade
East Timorese-born
E. Auchard
EB
Ebe Huizinga
Ebe Huizinga
E. Brandes
EC
EC
E.C.India
Eco-Challenge
Economic Planning Agency
Ecu
Ecuadorian Oriente
Eddie Hedaya
Edgar
Edhem Efendija Camdzic
Edna Fernandes
Edna Fernandes
Edouard Gritson
Eduard Dervishi
Eduardo Aninat
Eduardo Bernini
Edward D. Jones & Co
Edwards
EDWARDS
Edward Smith
Eefje
Eefje
Eefje Lambrecks
Eefje Lambrecks
Eefje Lambrecks
E.F. ( Fritz ) Schumacher
Eichmann
Eisuke Sakakibara
Eitel
Ejup Bajgora
Ek Chor China Motorcycle
Ekeren
Ekeren
Ekeren
Ekeus
Eksportfinans
Elbrewery Company Ltd.
Electoral Research Group
Elect Res
Electronic Data
Elena Koroleva
Eleonora Berlanda
Eleuterio Anguita
El Hassane Lahssini
El Hassane Lahssini
Elia Kazanjoglus
Elias Moosa
Elif Kaban
Elijah Maru
Eli Lilly
Eli Lilly & Co
Elisha Shamay
Eliud Barngetuny
El Jadida
El Pueblo de Nuestra Senora La Reina de Los Angeles
Emajuddin Ahmed
Emanuil Ceausu
EMBASSY
Emelia Sithole
Emeraud
Emese Bartha
Emese Bartha
Emiliano Bigica
EMKAM
Emmanuel Sobral
Emnid
Empresa Nacional del Petroleo
EMU
ENAP
Endt
England-based
English F.A. Challenge Cup
ENGLISH F.A. CUP
English National League
Engllsh
Ennea Ferrari F40
Enn Markvart
Enn Markvart
Enrique Centeno
EOE
EOE
EPA
EPA
EPR
EPR
ERA
ERA
ERA
Erdei
Erdmann
Erdmann
Eric Cleymans
Eric Wymeersch
Erik Camerlengo
Erin Purcell
ERP
Erwin Arnold
Erwin van der Looi
Escravos
Esnaider
Etian Saqr
Etienne Mendy
EU
EU
EU
EU
EU
EU
EU
EU
EU
EU
EU
EU
Eugene Morris
Eugen Voica
Eugen Voica
Euro
Euro
Euro ' 96
EURO ' 96
Euro ' 96
Euro
EUROBONDS
Eurobourses
EUROLIRA
Euromark
EUROMARK
Euronotes
Europa Cup
European
European
European
European
European
European Champions ' League
European Champions ' League
European Champions ' League
European Coal and Steel Community
EUROPEAN CUP
European Cup Winners ' Cup
EUROPEAN CUP WINNERS ' CUP
European Options Exchange
EUROPEAN SUPER LEAGUE
EUROPEAN SUPER LEAGUE
EUROPEAN SUPER LEAGUE
European Third Countries
European Trophy
Europoean Cup
Euro Swiss
EUROSWISS
EU-wide
Eva Boudova
Eva Tremila
Evelyn Leopold
Evelyn Leopold
Evelyn Leopold
Eveningperformance
Eveningperformance
EVEREN
EVEREN Securities Inc
Evert
ex-England
ex-Milan
EXPRESS
F-14
F-14
F-15
F-16
F
F / A-18
Fabien Giroix
Fabien Lefevre
Fagan
Faheem Khan
Fahnestock & Co
F.A.I.
Faik Nerweyi
Fairview Town
Fal
Falkir
Fallah Sewa
Fannie Johnson
Far East
Far East
Far East
Far Eastern
Farewell My lovely
Farid Hakme
Fatima Cristina
Fatima Yussuf
Faulding
Faulding Inc
Faure
F.C. Arges Dacia Pitesti
F.C. Brasov
F.C. Chindia Tirgoviste
F.C. Farul Constanta
FC Karvina
F.C. La Valletta
F.C. National Bucharest
F.C. Petrolul Ploiesti
F.C. Valletta
F.C. VALLETTA
Featherstone
Federal Air Traffic Control Administration
Federal office for motor vehicles
Federal Securities Corporation
Federal Trade Commission and Justice Department
Federico Colonna
Federico Colonna
Federico Colonna
Federico Colonna
Ferdy Vierklau
Fernandez
Fernandez
Fernando Roca
Fernando Roca
Fernando Roca
"Ferris , Inc.",492_PRESALE.naf
Feugill
FFK
Ffr
F.H. Faulding & Co
Fili Houteman
Filipovic
Filippo Veglio
Filippo Veglio
Finance Ministry
Finance Ministry
Finance Ministry
FINANCIAL KATHIMERINI
Financial Security Assurance
Financial Times-Stock Exchange
Financial Times-Stock Exchange
Firestone C.C
Firestone C.C
Firestone C.C
Firmin Gatera
First Albany Corp.
First Alliance
First Alliance Corporation and Subsidiaries
First Bank
First Bank System Inc.
First Battle of the Newbury bypass
First Capital Corp
First Chicago NBD Corp.
First of Michigan Corp.
First Union
First Union
First Union Corp
First Union National Bank of Fla.
First Union National Bank of Florida
Fischler
Fita Bayesa
Fla
Fla.
Fla.
Fla.
Fla.
Fleming
Flemming
Fleuchaus
Flight 150
Flight 150
Flight 150
Flora
Florence
Florentine Guelfs
Florida
Florida
Florida
Florida
Florida
Florida
Foe
Foe
Fokker Aviation
Fontaine
Fontaine Co Ltd
Football League
FOOTBALL-OHIO STATE
Ford China
Foreign Affairs
Foreign Affairs Department
Foreign Ministry
Foreign Ministry
Foreign Ministry
Foreign Office
Foreign Office
Foreldorado
Former Yugoslavia
Forschungsgruppe Wahlen
Foster
Foster
Foucras
Four Nations TV Committee
Fox
FR
France-Juppe
France-registered
Francisco Cea
Francisco Cea
Francisco Cea
Francisco Cea
Francisco Cea
Francis Wewengken
Franco-African
Franco-African
Francois Cabrera
Francois-Rene ( Vicomte de ) Chateaubriand
Franco Properzi Curti
Franco-Prussian
Frank Asselman
Frankfurt Newsroom
Frankfurt Newsroom
Frankfurt Newsroom
Frankfurt Newsroom
Frank Quilter
Franny
Franny Weld
Frantisek Gaulieder
Franz Stocher
Frater
FRATERNITE MATIN
Freddy Pinas
Freddy Pinas
Frederick
Frederic Malardeau
Frederic Vialle
Frederic Vitoux
Frederic Vitoux
French Archaeological Society
French-educated
Frenchman
French-owned
French-registered
Frontier
Frowick
Frowick
FSA
FSU
FTO
Fujiwara
Fulcheri
Full Light
Fulmar
F.W. De Klerk
Gabi Rokmeier
Gabor Sitanyi
Gabrich
GABRICH
GACETA DE LOS NEGOCIOS
GACETA DE LOS NEGOCIOS
Gadoon
Gaissmayer
Gajdos
Gajdos
Galina Enioukhina
Gama'a
Games
GAN
Garang
G. Archer
G. Archer
G. Archer
Garrett Lambert
Garrington 4-8
Garrity
Garry Weiss
Garry West
Gary Lauck
Gatera
Gateway Data Sciences
GATT
Gaulieder
Gavin Featherstone
Gavin Levenson
Gavin Levenson
Gavin Levenson
Gaza-based
Gazeta Shqiptare
G. Blewett
Gcaleka
Geert de Clercq
Gencor
Gencor
Gencor Ltd
General Agreement on Tariffs and Trade
General Assembly
**General Consumer Price Index
Gennadi Markov
Gennadi Skidan
Gentext Optics Inc
George Coste
George Garang
George Georgiopoulos
George Georgiopoulos
George Grech
George Grech
George Nishiyama
Georges Zicot
Georgios Chimonetos
Georg Kuttner
Georg Weah
Geraghty
Gerald Machnee
Gerard Kiely
Gerard Pignon
Gerd Ruch
German I
German-Israeli
German-led
Germany France
Germany III
Gert Jan Van Doorn
G. Flower
G. Gooch
G. Gooch
G. Gooch
G. Hamilton
Ghibellines
Giambatista Croci
Gianfranco Stevanin
Gianluca Corini
Gianluca Corini
Gianluca Corini
Gianluca Guidi
Gideon Chirchir
Gift of Love
Giga Information Group
Gilbert Facchinetti
Gilbert Le Gras
Gilbert Le Gras
Gilbert Le Gras
Gilbertson
Gildea
Giles Bonnet
Gimnasia-Jujuy
Gimnasia-La Plata
Gina Tillman
Gingrich Congress
Gingrich / Dole Congress
Giovanna Troldi
Giovanni
Giro d'Italia
Giunluca Gorini
.Giuseppe Citterio
Giuseppe Citterio
Giuseppe Tatarella
Gjonaj
G. Kersey
G. Kersey
Gladishiva
Glafcos Xenos
Glen Cayeux
Glencoe Animal Hospital
Glenn Lawhon
Glenn Somerville
Glenn Somerville
Glenn Taylor
Glenn Taylor
Glenview
Glenwood
G. Lloyd
Glyn Davies
Glyn Davies
Glyn Davies
Glyn Davies
Glyn Davies
G. McGrath
G. McGrath
Goetschl
Golden Crescent
Golden Four
Golden Four
Gold Fields of South Africa Ltd
"Goldman ,1236testb_NYC.naf
"Goldman ,938_Wall.naf
Goldman Sachs & Co Wertpapier GmbH
Goldstein
GOLF
GOLF
GOLF
GOLF
Goma-Bukavu
Goncharova
Gong Zichao
Gonzalez
GONZALEZ
Gonzalo Montoya
Gopal Sharma
Goran Koprinovic
Gordana Kukic
Gordon Smith
Gorre
Gorre
Goschen
Goulnara Fatkoullina
Goulnara Fatkoullina
Government Housing Bank
Government of National Unity and Reconciliation
G. Parsons
GPG
GPTA
Graafschap Doetinchem
Graafschap Doetinchem
Graafschap Doetinchem
Graafschap Doetinchem
Graafschap Doetinchem
Graafschap Doetinchem
Graafschap Doetinchem
Grabowksi
Grabowski
Graf-like
Graham Sharman
Graham Watts
Gramoz Ruci
Grand Prix
Grand Prix
GRAND PRIX
Grand Prix
GRAND PRIX
Grand Prix
GRAND PRIX
Grand Prix
Grand Prix
Grand Prix
GRAND PRIX
Grandstand
Granic
GREATER MILWAUKEE OPEN
Green
Green Square
Greg Frost
Gregory Randolph
Greg Reid
Greg Reid
Grelombe
Grete Stroem
G. Rose
G. Rose
G. Rose
Grove
Grunde Njos
Grzegorz Krejner
GT2 Konrad Porsche 911
GT2 Marcos LM600 162
GT2 Roock Porsche 911
GTE Corp.
GTE Corp
G. Thorpe
G. Thorpe
G. Thorpe
G. Thorpe
G. Thorpe
G. Thorpe
G. Thorpe
G. Thorpe
G. Thorpe
Gualtiero Fulcheri
Guangdong Post and Telecommunications Administration
Guantanamo Bay
Guantanamo Naval Base
Guenter Bertram
Guinea
Guinea
Guinea
Guinean
Guinean
Guinness Peat
Guinness Peat Group Plc
Guivarc'h
Guivarch
Guldimann
Gulf
Gulf
Gulf Coast
Gulf McLaren F ! GTR
Gulf McLaren FI GTR
Gundegma Jargalshaihan
Gust
Guzman
Guzman
G. Whittall
Gyaicain
Gyaicain Norbu
Habsudova
Habsudova
Haessler
Hafez al-
Hafizi
Haim Hajaj
Haitai
Haitai
Haitai
Haitai
Haitai
Haitai
Haitham Haddadin
Hakme
Haladas
Halle
Hamid Ibrahimi
HAMLET CUP
HAMLET CUP
HAMLET CUP
HAMLET CUP
Hana Benesova
Handgun Control Inc.
Handrik Dreekmann
Hanifah Komala
Han Jingna
Hank Note
Hanmer
Hanna Haugland
Hannes Conti
Hannover
Hans de Clerq
Hansma
Hansma
Hans-Otto Sieg
Hapoel Beersheva
Hapoel Beit She'an
Hapoel Beit She'an
Hapoel Kfar Sava
Hapoel Kfar Sava
Hapoel Taiba
Harding
Hari Maya Poudels
Hariri
Harleysville Group
Harper Williams
Harrods McLaren FI GTR
Harry Milling
Harvey
Ha Seok Ju
Hashan Tillekeratne
Hashan Tillekeratne
Hashan Tillekeratne
Hassan Ahmed
Hassan Hafidh
Hassan Rastegar
Havana
Havelange
HAVELANGE
HCFA
Head
Health Care Financing Administration
Health Insurance of Vermont
Heath
Hector Campora
"Hector "" Macho "" Camacho"
Heidi Groenstein
Heiki Kranich
Heiko Szonn
Heiko Szonn
Heiko Szonn
Heinz-Peter Thul
Helder
Helsinki Newsroom
Helsinki Newsroom
Hemina
Hendrik Dreekman
Heng Suan Lim
Hennady Udovenko
Hennie Swart
Hennie Swart
Henrietta Nagyova
Henrietta Nagyova
Henry Candy
Henry Tricks
Hen Vipheak
Herbert Demel
Heriot 's F.P.
Herman Gumy
Herschelle Gibs
Herve Thuet
Herve Thuet
HERZLIYA
Hess
Hever Golf Rose
Hever Golf Rose
Hide Gerg
Hidemichi Tanaki
Hilary Gush
Hill
HILL
Hina
Hindu
Hindu
Hindu-Moslem
Hindus
Hindustan Copper
Hindustan Copper Ltd
Hiroya Saitoh
Hisao Horinouchi
Hitleresque
HIV
HIV-pensioner
HK
HK
HK
HK
Hla Than
H McCulloch
HMG
H. Morris
H. Morris
Hoechst Marion Roussel Inc
HOEK LOOS
Hoek Loos NV
Hoey
Holy City of Jerusalem
Homegate Hospitality Inc
Homestake
Homestake Mining Co
Honam
Honda Motor Co Ltd
Honda RV
Hong Bui
Hong Kong-based
Hong Kong Central Moneymarkets Unit
Hong Kong Interbank
Hong Kong-listed
Hong Kong Newsroom
Hong Kong News Room
Hong Kong Newsroom
Hong Kong Open
Hong Kong Open
HONG KONG OPEN
Hong Kong Open
HONG KONG OPEN
Hong Kong Open
Hong Kong Open
HONG KONG OPEN
Hong Kong Open
HONG KONG OPEN
Hong Kong Standard
HONG OPEN
Hope
Horii Manabu
Horinouchi
Hospital No 31
House
House
House
Housecall
Housecall Medical Resources Inc
House of Commons
House of Lords
House of Representatives
House of Representatives
House of Representatives
Houteman
Howard Johnson
H&R Block Inc
Hryhory Borsuk
HSBC Markets
H. Streak
H. Tillekeratne
Hub
Hubert Grossard
Hugh Johnson
Huh Ki Tae
Human Gene Therapy
Human Rights National Observatory
Human Rights National Observatory
Humayun Rasheed Choudhury
Humberto Hueite Zyrecha
Humberto Hueite Zyrecha
Hungarian Democratic Union
Huracan-Corrientes
Hurte Sierd Zylstra
Hurte Sierd Zylstra
Husein Micijevic
Hussein Khalaf
Hutus
Hutus
Hutus
Huw Jones
Hu Zhilan
Hu Zhilan
Hu Zhilan
H. Wada
Hwa Kay
Hwa Kay Thai Holdings Ltd
Hwang
Hyundai
Hyundai
Hyundai
Hyundai
Hyundai
Hyundai
Hyundai Heavy
IA
Ian Dougan
Ian Mackie
I. Austin
IBCA
IBF
IBIS
Ibrahim
Ibrahim
Ibrahim
Idalecio
I.D.E.A
IDLC
IGLS
IGLS
Ignacio Olascoaga Mugica
IHC
I. Healy
I. Healy
I. Healy
Ihlas
III.ker.TVE
Ijaya Indra
Ijaz
Ijaz Ahmad
IL
Ileana Bell
Ilian Simeonov
Ilie Lazar
Ilie Lazar
Ilkka Laasonen
Ill.-based
ILO Workers Group
Ilyushin 76
IMED
IMED Corp.
IMERISIA
IMF-hosted
IMF-sponsored
IMKB-100
Immigration Service
Immuno International AG
Impala
Impala Platinum Holdings Ltd
Imphold
Implats
IN
INA
INA
Inderjit Gupta
Indian Fisheries Department
Indian Ocean
Indian Ocean
Indian Ocean
Indian Ocean
Indian Oil Corp
Indian Ringneck Parrots
Indian-ruled
India-South Africa
Individual
Indonesian Mines and Energy Ministry
Indonesian-origin
Indonesians
Indonesias
Indosuez
Indra Wijaya
Indra Wijaya
Indra Wijaya
Indusind Bank
Information Ministry
ING Barings
Ingeborg Helen
Ingeborg Helen Marken
Ingeborg Helen Marken
Inge Kaul
Ingram
Ingrid Haringa
Ingrid Haringa
Ingwe
Ingwe Coal Corporation Ltd
In Home Health
In Home Health Inc
Innisbrook Hilton Resort
Innocent Butare
Inoue Junichi
Institute for Human Gene Therapy
Interacciones
Interbank
Interbank
Inter-Entity Boundary Line
Interior Ministry
Interior Ministry
interior ministry
International Aviation Safety program
International Bonds
International Bonds
International Boxing Federation
International Business Machines Corp
International Business Machines Corp
International Endurance GT championship
International Fair
International Finance Bureau
International Petroleum Encyclopedia
International Philippine
International Red Crescent
Internet Startup
Interpol
Interpol
Interrosimpex
INTERVIEW-T&N
INTERVIEW-ZYWIEC
In the Year of January
Inzamamul Haq
Ioan Vladoiu
Iordanescu
Iowa
Iowa
Iowa-S
Iowa-S
IPC
Iran Sabr
Iraq-bound
Iraqi Community Association
Iraqi Kurd
Iraqi Kurd
Iraqi Kurdish Patriotic Union of Kurdistan
Iraqi Kurds
Iraq-U.N.
Irene Marushko
Irish Department of Enterprise and Employment
Irish Navy
Irish Permanent
Iron Gippsland
Ironi Rishon
Ironi Rishon Lezion
Iron Lady
Isaac Galvez-Lopez
I. Salisbury
I. Salisbury
I. Salisbury
Isbank
Iscor
ISEAS
Ishwari Boopathy
Islamabad
Islamic Group
Islamic Revolutionary Court
Islamic Taleban
Islamic Taleban
Islamists
Islamists
Islode Kostner
Ismail Boulahya
Ismail Nacar
Israeli-held
Israeli-PLO
Israeli-PLO
Israeli-PLO
Israeli-Syrian
Israel-PLO
Israel-PLO
Israel-PLO
Israel-PLO
ISS
Issa Alloush
ISS Inc
Istanbul Newsroom
Italian
Italian Grand Prix
Italo Pineda
Italy I
IVAC
IVAC Medical
IVAC Medical Systems Inc.
Ivan de laPena
Ivankov
Ivan Odnosum
Ivernia
Ivo Pitangy
Iwan Cesar Gabrich
Izingolweni
Jacek Berensztain
Jack Berry
Jackie Frank
Jackie Lee
Jack Russell
Jackson Hole symposium
Jacob Hlasek
Jacqueline Martin
Jacqueline Wong
Jacques Songo'o
Jacques Stas
Jacquet
J. Adams
J. Adams
Jaegal Sung-Yeol
Jaha
Jakarta
Jakobs Marco
James
James Harvey
James Hoey
James Leander ( Leo ) Nichols
James Lee Williams
James Poland
James Scott Brady Jr
James Weber
Jamil
Jamir Cvetko
Jammu
Jan Allan Mueller
Jan Buettner
Jane Chi
Jane Chi
Jane Quigley
Jane Quigley
Jane Quigley
Janet Dewey
Jannie Gagiano
Jan Van Eiden
Japan Aluminium Federation
Japan Credit Rating Agency
Japanese Food Agency
Japanese Goverment Bonds
Japan Spain
Japhet N'Doram
JAS Bardejov
Jason Weaver
Jason Webb
Jason Wong
Jason Wong
Jasper
Jassem Al-Huwaidi
JavaSoft
Javedan Cement
Javier Gomez de Liano
Javier Pertile
J. Benjamin
J. Bovill
J. Crawley
J. Crawley
J. Crawley
J. Crawley
J. Crawley
J. Crawley
J. Crawley
JD Group
Jean-Claude Nadon
Jean-Michel Monin
Jean-Michel Monin
Jean-Paul Bruwier
Jean-Pierre Van Zyl
Jeans Mate Corp
Jean van Boxmeer
Jebel al-Akhdar
Jeerasak Densakul
Jeff Hawksworth
Jeff Hawksworth
Jeff Kenna
Jeffrey Hodgson
Jennifer Hurley
Jens Gust
Jens Lehman
Jens Veggerby
Jeremie Collomb-Patton
Jeremy Lovell
Jeroen Van Dijk
Jerome Egurugbe
Jerome Turner
Jerry Bieszk
( Jerry ) Koosman
Jerry Lewis Labour Day
Jerry Schein
Jerzy L.
Jesper Ronnback
Jetsi Hendrika Coers
Jetsi Hendrika Coers
Jetty Kors
Jetty Kors
Jewell
Jewel of India
Jewish
J. Gillespie
J. Gillespie
Jiangling Motors Corp
Jiangling Motors Group
Jim
Jim Adams
Jim Ballantyne
Jim Bidzos
Jim Brumm
Jim Herberich
Jim Herberich
J immi Madsen
Jim Moran
Jimmy
Jim Webber
Jin Hua
J.J. KENNY
J.J. KENNY
J. Murray
Joan Gralla
Joao Manuel Pinto
Joao Vale de Almeida
Joceyln Angloma
Jockey Club
Joel Naroff
Joel Stranksy
Johan Boonen
Johan Lisabeth
Johann Gregoire
Johan Sletten
Johan Van Der Merwe
John
John Allen
John Casesa
John den Braber
John Ericks
John Geraghty
John Gilardi
John Gilardi
John Grant Fagan
John Head
John Lewis UK
John Lloyd Jones
John Mills
John Paul
John Ridgeon
Johnson
JOHNSON
JOHNSON
Johnson
JOHNSON
JOHNSON CO
Johnson Cty
Jolene Watanabe
Jomhuri Eslami
Jomo
Jonathan Birt
Jonathan N'Senga
Jonathan Wright
Jones
Jones
JONES
Jones
Jones
Jones Medical
Jones Medical Industries Inc
Jongsma
Jon Preston
Jon Preston
Jon Preston
Jon Preston
Jordan
Jordan
Jordanian Arab Socialist Baath Party
Jordanian Arab Socialist Baath Party
Jordanians
Jorge
JORGE
Jorge Luis Dely Valdes
JORNAL DE ANGOLA
JORNAL DE ANGOLA
Jose Antonio Ortega Lara
Jose Barroso
Jose Barroso
Jose Eduardo Dutra
Jose Manuel Prieto
Jose Moreno
JosepGuardiola
Joseph Kuhn
Joseph Tanny
Jose Ribalta
Jose Soler Puig
Joubert
Joubert
Journal
Journal
Journal
Journal of the Royal College of Physicians
Joyce Liu
JP
J. Pooley
J. Pooley
J. Ratcliffe
J. Ratcliffe
J. Russell
J. Russell
J. Russell
J. Russell
J. Srinath
Juan Aisa
Juan Carlos
Juan Carlos Lago
Juan Carlos Pinero
Juan Castro
Juan Guillermo Londono
Juan Lopez
Juan Lopez
Juan Santamaria
Judicial Police
Judith Crosson
Judith Curren
Julia Ferguson
Julian Wellings
Julia Vaquero
Julie
Julie
Julie Baumann
Julie Baumann
Julie Lejeune
Julie Lejeune
Julie Lejeune
Julien Bonetat
Julie Tolkacheva
Julio Cesar Vega Rojas
Jumbish
Jumbish-i-Milli
JUMHOURIYA
Jungle Command
Juppe
Juppe
Juppe
Juppe
Justice
Justice K.T. Thomas
Justin Swart
J. Vaughan
JYVASKLYA
JYVASKLYA
Kaba
Kabariti
Kabariti
Kabariti
KABLO KLADNO
Kabul-Salang
Kaczmarek
Kadian
Kalashnikov
"Kalf ,209_Zenith.naf
Kamaz Naberezhnye Chelny
Kamil Jamil
Kamuzu Banda
Kan
Kan
Kang Young-hoon
Kanie Karzhala
Kankunnen
Kansai Electric Power
Kaohsiung
Karabach Agdam
Karabuluts
Karel Kovanda
Karem Haj Yihye
Karen Pierog
Karina Adams
Karin Gornji
Karin Kuster
Karin Kuster
Karsten Richardt
Kashmir
Kaspars Ozers
Kaspars Ozers
Kathmandu Post
Kathrin Freitag
Kathrin Freitag
Kathy Etchingham
Katleen Allais
Kazimierz Socha
K. Barnett
K. Barnett
K. Benjamin
K. Brown
KCBT
K. Curran
K. Curran
K. Curran
K. Curran
Keiichi Kitigawa
Keiji Kojima
Keiron Henderson
Keith O'Neill
Keith O'Neill
Keith O'Neill
Keith O'Neill
Kekkila
KEKKILA
Kekkila Oy
Kenda
Ken Goldstein
Kennedy
Kenneth Chiate
KERDOS
Kesers
K. Evans
KeyCorp
Khadga
Khaled al-Qidra
Khaled Hijazi
Khalfallah
Khartoum
Khemais Chammari
Khmer Nation Party
Khmer Rouge
Khum Bahadur Khadga
Khurshid Alam
Kia Motor Corp
Kiely
Kieran Murray
Kiev
Kim
Kim Anderson
Kim Byung
Kim Byung Ji
Kim Do Hoon
Kim Do Hoon
Kim In-so
Kim Joo Sung
Kim Pan Keun
Kim White
King Ace
Kingston Technology Co
Kinross
Kinross Gold Corp
Kiryat Sefer
Kispest
K.J. Matthew
Klara Gajduskova
Klaus
Klaus Baader
Klimis Alexandrou
Klimis Alexandrou
Klongprem
KNP
KNU
Koeln
Ko Jeong Woon
Kolbenschmidt
Kolumbina Bencevic
Komala
Komarica
Kombouare
KOMBOUARE
Koninklijke Boskalis Westminster NV
Koninklijke PTT Nederland NV
Konpolis
Konstantin Chernyshev
Koo Jeon Woon
Koram Bank
Korneilus Hole
Korydallos
Kosevo
Kostantin Matusevitch
Kostas Malekos
Kpaitan Stankov
KPC
KPD
Kris Goossens
Kris Goossens
Kris Goossens
Kristie Marshall
Krpaco
Krpaco a.s.
Kryvbas Kryvy Rig
Krzysztof Zagorski
KS
K. Spiring
K. Spiring
K. Spiring
K.T. Arasu JAKARTA
Kubo
Kucan
Kudapokuna
Kumara Dharmasena
Kumara Dharmasena
Kumara Dharmasena
Kuperman
Kurd
Kurdish
Kurdish-controlled
Kurdish-controlled
Kusunose Shiho
Kwai
Laasonen
Lab
Labour Department
Lacher
Lachlan Drummond
La Clippers
La Corse
Ladlislav Spacek
Lahd
Lajos Horvath
LAKES
Lambert
Lambrecks
Lamonts Apparel
Lamonts Apparel Inc
Lampros Vasilopoulos
Lancashire Leeds
Lang
LANKADEEPA Tamil Tiger
Larbi El Khattabi
Larisa Sayenko
Larry Fine
Larry Fine
Larry Fine
Larry Fine
Larry Fine
Lasa-Zabala
Lasse Lampi
Laszlo Sebesvari
Lattakia
LATTAKIA
Lauck
Laurence McQuillan
Lauren Ottoz
La Voie
LA VOIE
Lavrentyeva
Lawhon
Lawrence Sheets
Layron
Lay Volunteers ' International Organisation
L. Botham
LDP-dominated
league-Australian
Leandro Manteri
Lear
Lear Corp
Learjet 36
Leatitia Dalloz
Leatitia Dalloz
Lebanese Association for the Democracy of Elections
Lebanon First
Lech
LECIVA PRAHA
Leduc Reef
Lee Ki-choo
Lee Kyou-hyuk
Leeson
Lee Young Jin
Lefevre
Legeard
Lehman Brothers International
Leila Corcoran
Lelouche
Le Matin
Lenzing
Leonardo
Leonard Santorelli
Leon Barkho
Leon van der Wath
Le Populaire
Le Populaire
Leslie Gevirtz
Lesser Antilles
Lester Lawhon
Leszic Betcher
Let
Leveilly
Levrentyeva
Levy
Levy
Levy
Levy
Levy
Lewis
Lewis
Lewis
LEWIS
Lewis
Lewis Martin
Lex van Drooge
LG
LG
LG
LG
LG
LG
LG Caltex
LG Electronics Inc.
L. Germon
Li
Liam Fox Fox
Liberal Democratic party
Liberia Council
Liberte
Liberte
Libran
Libyans
Lichtwer Pharma GmbH
Lien
Life Insurance Co of Georgia
Li Feng
Life of Georgia
LIFFE
LIFFE
Li In-mo
Lilac Falls
Lilac Falls Motel
Lila Osterloh
Liliana Semerdjieva
Lillestrom
Lindsay Owen-Jones
Lisa
Lisbon
Lisheen
Li Song-ho
LISPI
Little
LITTLE
Little
Liu Chong Hing
Liu Chong Hing Investment Ltd
Liu Lu
Liu Lufung
Liutauras Stremaitis
Liutauras Stremaitis
Livshits
Ljubljana
Ljubomir Acimovic
Ljudmila Dymchenko
Lloyd 's
Lloyd 's of London
Lloyds Shipping
Lloyds Shipping
Lloyds Shipping Intelligence Service
LME
LME
LME
LME
LM Ericsson AB
Lockhart
Lockhart Industries Inc
Logrones
Logrones
Lola Ford Cosworth
Lola Honda
London Broncos
London Carnival
London International Financial Futures and Options Exchange
London International Financial Futures Exchange
London Newsroom
London Newsroom
London Newsroom
London Newsroom
London Newsroom
London Newsroom
London Newsroom
London Newsroom
London Newsroom
London Newsroom
London Newsroom
London Newsroom
London Newsroom
London Newsroom
London Newsroom
London Newsroom
London Securities & Derivatives Exchange
London-to-Boston
Longyear
LONGYEAR
Lord 's
Lord 's
Loretto Abbey
Lotte
Lotte
Lotte
Lotte
Lotte
Lotte
Louay Taleb
Louis Booy
Louis Dreyfus Corp
Louise Siebens
Louis Viannet
Loxley
Loxley Publications Plc
Loznica
Loznica
Lubarskij
Luca Pavanello
Luciano della Noce
Luciano Pessina
Lucky Emdldm
Ludmila Ninova
Luebeck
Luehrs
Lufthansa Cargo AG
Lufthanseat
Luigi Seguy
Luis Baltasar
Luis Castilla
Luis Lazo
Luis Miguel Predrosa
Luis Raul Matos Azocar
Lula I
Luli Popescu
Luminzu Shimaponda
Lumir Mistr
Luo Yigang
Luo Yigang
LUSAKA
Lynch
Lynne O'Donnell
Lynnley Browning
Lynn Reaser
M3
Maakinen
Macedonian Communist Party
Machnee
Madhusudan Munakarmi
Madison
Madlen Brigger-Summermatter
Madlen Brigger-Summermatter
Madrid Newsroom
Magali Faure
Magali Faure
Magali Faure
Magali Faure
Maggie Maleeva
Maggie McNeil
Magna International Inc
Mahala
Mahammad Rashid
Mahindra International
Mahindra International
MAHINDRA INTERNATIONAL
Maicel Malone
Maine
mainly-Moslem
MainStay International Funds
Majid Takht Ravanchi
Majorie Orr
Makinen
MAKINEN
MAKINEN
Malbak
Malbak Ltd
M. Alleyne
M. Alleyne
Mallinckrodt Group Inc
Malu
Malysia
Mamatuyev
Mandolina Zelic
Mangala Das
Manila
MANILA
Manila
MANILA
MANILA
MANILA
MANILA
MANILA
Manitoba
Manitoba
Manitoba Pork
Mano Junction
Manolo Sanchis
Manuel Alvarado
Maoist
Mapei
Mapei
Mapei
Mapei
Mapei
Mapourdit
Marc Cohen
Marc Dollendorf
Marc Duvillard
Marcello Goncalves
Marcel Malone
Marchal
Marcin Grajewski
Marco Caputo
Marco Giampaolo
Marco Tonchetti Provera
Marc Pearl
Marcus O'Sullivan
Marcus O'Sullivan
Marcus Wills
Margaret McCullough
Margarita Maruseva
Margit Borg
Margret Crowley
Maria Antonio Sanchez Lorenzo
Mariacarla Bresciani
Maria Jose Gaidano
Maria Jose Gaidano
Maria Marco
Marianne Brechu
Marianne Brechu
Mariano Friedick
Mariano Friedick
Maria Szabo
Mar'ie Muhammad
Marina Andrievskaqya
Marina Volkova
Mariner Darren Bragg
Marion County Board of Education
Mario Stieglmair
Maritime Queen
Mariusz Srutwa
Mark Cayeux
Mark Cayeux
Mark Gildea
Mark Hodges
Mark Murless
Mark Murless
Mark O'Meara
Mark O'Meara
Mark O'Meara
Mark O'Meara
Mark Trevelyan
Marrakesh
Marriner
Marriner
Marshall
Marta Fajardo
Martin Ayres
Martin Ayres
Martin Brooks
Martin Erdmann
Martin Erdmann
Martin Gates
Martin Gates
Martin Keino
Martin Londgaard Hansen
Martin Stenning
Martin Wolk
Martin Wolk
Marty Jemison
Marwan Jilani
Marwan Muasher
Mary Batchelor
Maryborough
Marzuki Badriawan
Masanaga Shiohara
Maslova
Masood
Massachusetts Association of Realtors
Masserigne Ndiaye
Massimo Giovanelli
Matahari
M. Atherton
M. Atherton
M. Atherton
M. Atherton
M. Atherton
M. Atherton
M. Atherton
Matos
Matsushita
Matthew
Maureen Carey
Maureen Garrity
Mauro Trentino
Max Anglert
Max Marriner
Max Marriner
Mayfiar
Mayor Antonio Gonzalez Garcia
M. Azharuddin
M. Bevan
M. Bevan
M. Bevan
M. Bicknell
M'bishi Gas
M. Butcher
M. Butcher
McCarthy
McCullough
McCurry
McCurry
McDonald & Co
McDonald 's
McGregor
McLean
M. Dekker
M. Dowman
M. Dowman
M. Dowman
MDS
MED
Medicaid
Medicaid
MEES
Megan Gerety
Megan Gerety
Megan Gerety
Meiluawati
Meknes
Melanie Cheary
Melanie Schnell
Melissa
Melissa
Melissa Russo
Melissa Russo
Melissa Russo
Memoires d'Outre Tombe
Mentmore
Mentmore Abbey
Mercantile
Mercantile Bancorp Inc.
Mercantile & General
Merrion Insurance Company Inc
Mesipia
Metro
Metro Holdings
METROSTAV
Mexicans
Meyers
MFS Communications Co Inc
MFS Communications Co Inc
M. Gatting
MG-Technogym
MG-Technogym
MG-Technogym
MI
Mia
Mich
Mich
Mich
Michael Ancell
Michael Barton
Michael Brial
Michael Conlon
Michael Cornwell
Michael Durante
Michael Faust
Michael Frederick
Michael Grove
Michael Penrose
Michael Perelstein
Michael Posner
Michael Sandstod
Michael Sandstod
Michael Stroud
Michael van der Wolf
Michael Welch
Michel Bourlet
Michel Bourlet
Michele Buiatti
Michele Fanton
Michelle Ferris
Michelle Ferris
Michelle Harper
Michelle Martin
Michel Zanoli
Michel Zanoli
Middle East Gulf
MIDEAST GULF
Mideast Gulf
Mid-East Minerals Ltd
mid-Mississippi
mid-Norway
MiG-19
Mike Cito
Mike Clayton
Mike Clayton
Mike Clayton
Mike Clayton
Milan Rapajic
Milenko Kovasevic
Miles Kan
Military College
Miljenko Mumler
Millar
Millns
Mills
Minas
Mind Games
Mind Games
Mines and Energy Ministry
Ministry of Commerce
Ministry of Petroleum and Minerals
Minna Karhu
Minneapolis-based
MINNESOTA Minneapolis
Minorco
Minor Counties
Minor Counties XI
Minutka Square
Mira Kasslin
Mirhunisa Komarica
Mirhunisa Komarica
Mironivka
Mironivka Wheat Institute
Miroslav Bak
Mir Zaman Gul
Mir Zaman Gul
Misael Valerio
Misael Valerio
Mishi Saran
Mission
Mission : Impossible
Miss Poland
Miss Stamper
Miss Universe Inc
Miss Universe Inc.
Miss Venezuela Organisation
Mister Baileys
MIT
Mitsubishi Gas Chemical Co Ltd
Miyabe Yasunori
Mladost ( BJ )
Mladost ( BJ )
Mladost ( L )
Mladost ( L )
M. Lathwell
M. Lathwell
M. Lathwell
M. Lynch
M. Maynard
M. Maynard
M. McCague
M. Moxon
M. Moxon
M. Moxon
M. Moxon
M. Moxon
Mo
Mo
Moada
Mo.-based
Moeller
Mohajir National Movement
Mohamed Abu Liwaya
Mohamed Ali Khalfallah
Mohamed Azharuddin
Mohamed Azharuddin
Mohamed Benchaou
Mohamed Fahim Rayyan
Mohamed Lemine Cheiguer
Mohamed Moada
Mohamed Ouda
Mohamed Zejjari
Mohammad Akam
Mohammad Akam
Mohammad Akam
Mohammad Akam
Mohammad Akam
Mohammad Akam
Mohammad Dahman
Mohammed
Mohammed Afash
Mohammedia
Mohammed Rashid
Mohammed Saleh
Mohib Textile Mills
Moira Lynch
Mokhoff
Molata
Monika Tschirky
Monstrose
Monte Aperto
Montoya
Montserratians
Moody 's
MOODY 'S
MOODY 'S
Moody 's
Moody 's
MOODY 'S
Moody 's
MOODY 'S
Moody 's Investors Service
Moody 's Investors Service
Moody 's Investors Service
Moody 's Investors Service
Moody 's Investors Service
Moore
MORAV.CHEMIC. ZAV
Morgan Stanley and Co Inc
Morris
Moscow-backed
Moscow Newsroom
Moscow Newsroom
Moscow Newsroom
Moscow Newsroom
Moscow Newsroom
Moscow Newsroom
Moscow Newsroom
Moshe Sabag
Mosier
Moslem
Moslem Arabs
Moslem-Croat
Moslem-Croat
Moslem-Croat Federation
Moslem-led
Mostostal Z
Mostostal Zabrze Holding SA
Mother House
Mothusi Nkgowe
Motorsport Traditions Ltd
Mouldi Mamatuyev
Mountain
Mount Lebanon
Mount Zion Missionary Baptist Church
Moura
Mpumulanga
M&R
M. Ramprakash
M. Ramprakash
MRI
Mr Yen
M. Saggers
MS-Fiamma
M. Sivasiththamparam
M. Slater
M. Slater
MS-NBC News
MSV Duisberg
MSV Duisberg
MT
M. Taylor
Mubatik Dagayeva
Muenchener
Muenster
Mujahideen Khalq
Muller McLaren F1 GTR
Multico
Munakarmi
Municipal Police
Muratovic
Murray
Musa Hamiti
Mushota
Mushtaq Ahmad
Mustafa Hoshiyeh
Mustapha Ben Jaafar
Mutawakel Taha
M. Vaughan
M. Vaughan
M. Vaughan
M. Vaughan
M. Walker
M. Walker
M. Walker
M. Walker
M. Wasim
M. Waugh
M. Waugh
M. Waugh
M. Waugh
MX Onda
MX Onda
MX Onda
Myles Frechette
Myos Yang
Mypa-47
Nabil Abu Rdainah
Nabil Abu Rdainah
Nablus-based
Nacar
Nadarajah Muralidaran
Nader Jokhadar
Nader Jokhadar
Nader Jokhadar
Nadim Ladki
Nahar
Nahed Dahlan
Naina
Naina Yeltsin
Naina Yeltsin
Naish
Nalkhera
Name
Name
Names
NAN
Nana Miyaga
Nanda Gopal Bhattacharya
Nanne Dahlman
Naoko Kijimuta
Naoko Kijimuta
Naoko Kijimuta
Naoko Kijimuta
NAPM
Narino
Naroff
NASDAQ Index
Nasr
NASS
Nastja Rysich
N. Astle
Nat
Natalia Baudone
Natalia Baudone
Natalia Karimova
Natalia Voronova
Natalya Golodnova
Natalya Shikolen
Natalya Sypron
National Air Traffic Services Ltd
National Animal Control Association
National Archives
National Assembly
National Association of Securities Dealers
National Automobile Occupant Protection Campaign
National Bank of Romania
National Conference of Bishops of Brazil
National Council of Christian Churches of Brazil
National Customs Board
National Election Commission
National Election Commission
National Election Commission
National Farmers Union
National Highway Traffic Safety Administration
National League
National League Championship Series
National Security Council
National Socialist Battle Cry
National Socialist German Workers ' Party Foreign Organisation
National Tennis Centre
National Tennis Centre
National Tennis Centre
National Tennis Centre
National Tennis Centre
National Tennis Centre
National Tennis Centre
National Tennis Centre
National Unity Party
Nation 's Cup
NATO-led
NATO-led
Nats
Navy
NBH
NBH
N.C.
NCB
ND
ND
N'DJAMENA
N'DJAMENA
N'Djamena University
Neal Briggs
Near East
neo-Nazi
Neptune Crux
Nerweyi
Nestor Sensini
Netanya
Net Book Agreement
Netherlands Czech Republic
Neths
Network
Networks Services Division
Neuchatel
NEUFCHATEAU
Newcrest
Newcrest Q4
New Delhi
New democracy
Newell Old Boys
Newell 's Old Boys
New Independent States
New Liberty
Newmonth
Newmont Mining Corp
Newmont-Santa Fe
News
News Agency of Nigeria
News Agency of Nigeria
News Agency of Nigeria
News Corp Ltd
New Year 's Day
New York Commodities
New York Commodities
New York Commodities
New York Commodities
New York Commodities Desk
New York Commodities Desk
New York Commodities Desk
New York Energy Desk
New York Energy Desk
New York Energy Desk
New York Energy Desk
New York Newsdesk
New York Newsdesk
New York Newsdesk
New York Power Desk
New York Power Desk
New Zealands
N. Fairbrother
N. Fairbrother
N. Fairbrother
NFU
N. Furuya
N.H.
Nhamavila
N. Hussain
N. Hussain
N. Hussain
Nic Henning
Nicholas Gcaleka
Nicholas Shaxson
Nick Mokhoff
Nicola
Nicolas Charlier
Nicole
Nicole Nichterwitz
Nicole Nichterwitz
NIDA'A AL-WATAN
NIDA'A AL-WATAN
Nigel Wray
Nihad al-Boushi
Nijmeh
Nikki Campbell
Nikolai Kouznetsov
Nikolai Sherbatov
Nikolaus van der Pas
NINE
Ninth Circuit
Nippon Telegraph and Telephone Corp
Nirmal Hriday
Nirmal Hriday
NIS
Nissan Kapeta
Niugini
Niugini Mining
Niugini Mining Ltd
NJ
N.J. Bose
N. Knight
N. Knight
N. Knight
N. Knight
N. Knight
N. Knight
NL Central division
N. Lenham
N. Lenham
N. Llong
N. McLean
N. Mongia
No 1676/96
No 2454/93
No 2913/92
Nobel Peace Prize-winning
Nomura
Nomura Research Institute Ltd
Nomura Securities Co Ltd
non-EU
non-Medicare
Norihiko Fujiwara
Norilsk
Norris
North
North Afghan
North African
North Africans
North American Equity Services
Northcote College
Northcote College
NORTH DAKOTA Hunter
Northern Ireland-born
Northern States Power Co
Northfield Mountains
Northfield Mountains
North Korean Red Cross
Northsea Chaser
Norwest Corp.
Note
Noticias
NOTICIAS
Nsanze Terence
NSDAP-AO
NS Kampfruf
N. Speak
N. Speak
NSW Treasury
NT
NTB
NTT
Nukaya
Nuku'alofa
Nunung Subandoro
Nuour Marial
Nurbika Mamatuyeva
Nuremberg-based
N. Williams
NYC Time
NY Dow
Ny Islanders
NYMEX ACCESS
NY RANGERS PITTSBURGH
Nyva Vinnytsya
Nyva Vinnytsya
NZ
NZ
NZ
NZ
NZ
NZ
O-157
Oakley Inc
OB
OB
OB
OB
OB
OB
Obilic
Obilic
O'Brien
O'Brien
O'BRIEN
Oceanic Control Centre
OCEI
Odnosum
ODS
Oeji Aliu
Office 95
office-Conservatives
OFFICIAL JOURNAL
OFFICIAL JOURNAL
OFFICIAL JOURNAL
OFFICIAL JOURNAL
Offshore Data Services
OH
Ohio-based
OHIO BUILDING AUTHORITY
OJ
OJ
OJ
OJ
Okazaki Tomomi
Oklahoma Climatological Survey
Oklahoma Wheat Commission
O.K. Likkason
Okocim
Oksana Ovchinnikova
Oksana Ravllova
Olafsson
Olazabal
OLAZABAL
Oleg Shatskiku
Olga Boshova
Olga Lavrentyeva
Oliver Ludwig
Olivia
Olly
Olofsson
Olympiakos
Olympiakos
OLYMPIAKOS
Olympiakos
OM
Omari
Omar Lugo
Omer Akbel
Omer Akbel
OM Gruppen
OM Gruppen AB
OMLX
OM Stockholm
Onarheim
ONDH
O'Neal
O'Neill
O'Neill
O'Neill
One-month
One-year
ONIC
Ontario-based
OPECNA
Open
Open
OPEN
Open
OPEN
Open
Open
Open
Opera
Ophran Drug Act
Oppenheimer Capital
Opthalmic
OR
Oracle Systems
Orazio Arancio
Organisation for Security and Cooperation in Europe
Organisation for Security and Cooperation in Europe
Organisation for Security and Cooperation in Europe
Organisation for Security and Cooperation in Europe
Organisation for Security and Cooperation in Europe
Organisation for Security and Cooperation in Europe
Organisation for Security and Cooperation in Europe
Organisation for Security and Cooperation in Europe
Organisation for Security and Cooperation in Europe
Oriente
Orii
Orii
Orii Corp
Orii Corp
Ori Lewis
Orphan Drug law
Orr
Osama el-Baz
Oscar
OSCE
OSCE
OSCE
OSCE
OSCE
OSCE
OSCE
OSCE
OSCE
Osnabrueck
Osvaldo Fenandez
Osvaldo Sanchez
Oswaldo Saldanha
Othello
Ottavio Palladini
Ouedec
Oujda
Ousmane Kaba
Outagmie County
Owen-Jones
Oyvind Rojahn
Ozers
Ozers
Pa
Pa
PA
Pablo Campana
Pablo Campana
Pablo Campana
Pace
PACIFIC
Pacific
Pacific
Pacific Northwest
Padania
Paddy Lad
Pakistani
Pakistan People 's Party
Pakistan-ruled
Pakistan-ruled
Palestine Liberation Organisation
Palestine Liberation Organisation
Palestine Liberation Organisation
Palestinian Arabs
Palestinian Information Ministry
Palestinian Islamist
Palestinian Liberation Organisation
Palestinian-ruled
Palestinians
Palestinians
Palestinian self-rule Authority
Palestinian self-rule Authority
Palmans
Palmans
Palmans
Palmans
Pamela O'Neil
Pang Chen
Panhandle
Pantic
Pantic
Panutan
Panutan Group
Pao de Acucar
Paolo Fulci
PA PITTSBURGH
Paribas Capital Markets OTC
Parisians
Paris Newsroom
Paris Newsroom
Paris Newsroom
Parkway Middle School
Parmalat / Fehervar FC
Partnership for Peace
P. Arulanandam
Pascal Jongsma
Patasse
Patricia Djate
Patricia Djate-Taillard
Patricia Lezama
Patricia Smith
Patricia Vowinkel
Patrizia Bassis
Paul
Paula Buratti
Paul Bloch
Paul Crofts
Paul Drazek
Paul Fischer
Paul Malin
Paul O'Neill
Paul O'Neill
Paul Thompson
Paul Ting
Pavlos Markou
PBR
PC Data Inc
P. Cottey
P. DeFreitas
PDS Emnid
PEC
Pecs
Pedrag Mijatovic
Peggy
Peiris
Pelham
Penn Treaty
Penn Treaty American Corp
Penrose
Penske Mercedes-Benz
"People ,788_Shanghai.naf
People 's Daily
People 's Daily
Perelstein
Perfetti
Permian
Pernila Wiberg
Perry
Per Zetterquist
Pescara
Pessina
Peter Blackburn
Peter Bloomfield
Peter Dirkx
Peter Edwards
Peter Greste
Peter Griffiths
Peter Karlsson
Peter Knight
Peter Laca
Peter Laca
Peter Lerner
Peter Machungwa
Peter O'Malley
Peter O'Malley
Peter O'Malley
Peter Pieters
Peter Roe
Peter Smerdon
Peter Teravainen
Petofi
Petra Begerow
Petr Gunda
Petrimex Prievidza
Petrobulk Rainbow
Petroecuador
Petrosan
Petrovic
Pettite
PF IKS KB PLUS
Phan
Philip Blenkinsop
Philip Kibitok
Philip Maslowe
Philip Morris Cos Inc
Philip Wilcox
Physicians Insurance Co
Pier Francesco Chili
Pierina
Pierre Belec
Pierre Claverie
Pieter Hendriks
Pieter Hendriks
Pietro T.
Pinas
Pinas
Piniel Sindiso Ncube
Piotr Grabowski
Piotti
Piper Jaffray Inc
Pirelli SpA
Pivotal
PIVOTAL
Pivotal
P. Johnson
P. Kantharoopan
P. Kantharoopan
Placer Dome Inc
Platignum
PLO
PLO
PLO
PLO
PLO
PLO
PLO
PLO Council
PLO-Israel
PMC
PMC-Sierra
P. Nixon
P. Nixon
P. Nixon
PNW
Po
Pokka
POKKA
Polish Development Bank
Politehnica Timisoara
Ponce
Pontiac Osteopathic Hospital
Popov
POPOV
Port Christine
Portuguese Open
post-Games
post-Second World War
post-Soviet
Power
Power Corp
Power Corp of Canada
Power Financial Corp
Power New Zealand
Power NZ ODV
PP
P. Prichard
P. Prichard
Prague Newsroom
Prague Newsroom
Prague Newsroom
Prasad Wagle
pre-Castro
Predrosa
P. Reiffel
P. Reiffel
Prem Dan
Prescott
PRESCOTT
pre-Soviet
Preston
Primedia
Prince Rupert
Princess of Loine
Privatisation Commission
Prix de l ' Abbaye
pro-Baghdad
pro-Baghdad
Producer Prices Index
pro-European
Pro-European
pro-Hindu
pro-Israel
pro-Israeli
Proleter ( Z )
Promodes
Pro-Moscow
Property Capital
Property Capital Trust
Provisional Election Commission
PSA
PSC
PSE
P. Simmons
P. Simmons
P. Simmons
P. Simmons
P. Strang
P. Such
PT Matahari Putra Prima
PT Panutan Duta
PTT
PT Tambang Timah
PT Tambang Timah
PT Timor Putra Nasional
P. Tufnell
PT VDH Teguh Sakti
Public Service Association
"Public Service ,284_Zimbabwe.naf
Puchon
Puchon
Puchon
Puchon
Pudvah
Puglisi
Puig
PUK-KDP
PUK-run
PULPEX
Purcell
Purdue Frederick Co
Purefoods Hotdogs
Purepac
Purepac Pharamceutical
Pusan
Pusan
Pusan
Pusan
P.V. Krishnamoorthy
P. Weston
Pyotr Bochkary
QADISSIYA
Qalandia
Qazim Gjonaj
Qiang Hong
Qidra
Qinglan
Qotbuddin Hilal
Queen of South
Queen of South
Queen of South
Queen 's Park
Queen 's Park
Queen 's Park
Queen 's Park
Queen 's Park
Queen 's Park
Queen 's Park Rangers
Quepos
Quequen
Quigley
Rabobank Nederland BA
Rachel
Rachel Legeard
Rachel Legeard
Rad ( B )
Radical Democrats
Radiometer
Radio Red
Radio Romania
RADIO ROMANIA
Radka Bobkova
Radnicki
Radnicki ( N )
Radnicki ( N )
Rafael Moreno Turrent
Rafiqul Islam
RAF Riga
Raichev
Raith Rovers FC
Rajab Adinayev
Rajapat Institute
Rajavi
Rally for the Return of Refugees and Democracy in Rwanda
Rally for the Return of Refugees and Democracy in Rwanda
Ralph Bloch
Rami al-Saadani
Ramon Guzman
Ramon Machuca
Ramon Manzanares
Ramthan Hussain
Rana Sabbagh
Randall
Raniero Iacomella
Ranyon ( Rangoon ) University
RAO Norilsky Nikel
Raphael Kopessoua
Raphael Lakpe
Raphael Lapke
Raphael Riel
Rasa Mazeikyte
Rashid
Raul Rodrigo Lara
Ray Belim
Raymond Mabus
RBA
RBI
RBI
RBI
RBI
RBI
RBI
RBI
R. Blakey
R. Blakey
R. Blakey
R. Blakey
R. Croft
R. Croft
R. Croft
R. Croft
R. Croft
Rdainah
Re
Reagan Communications
Real Madrid-Barcelona
Reaser
Rebecca Weinstein
Recber
Red Cross
Red Lion Hotels Inc
Red Shirts
Reform ticket-CNN
Reggie Blinker
Regina Haeusl
Regina Haeusl
Regula Susana Siegfried
Regulation
Remmy Mushota
Ren A Ren
Renat Akchurin
Rep
Reppas
Republic
Republican
Republican
Republican-controlled
Republican Front
Republican House
Republican-initiated
Republican-written
Republic of Padania
Republika Srbska
Reserve bank of India
Return of the Legend
Reuf Mehemdagic
REUTER
Reuter
Reuter
REUTER
REUTER
REUTER
Reuter London Newsroom
Reuter London Newsroom
Reuters
Reuters
Reuters
Reuters
Reuters
Reuters Chicago Newsdesk
Reuters Ottawa Burea
Reuters Ottawa Bureau
Reuters Toronto Bureau
Reuters Toronto Bureau
Reuters Toronto Bureau
Revolutionary Workers ' Party
Rewe
Rewe-Handelsgruppe
Reynard Ford Cosworth
Reynard Honda
Reynard Mercedes-Benz
R. Fay
R. Harden
R. Harden
Rhineside
Rhone Poulenc
RIA
RIBALTA
Richard Andrews
Richard Black
Richard Eglin
Richard Finn
Richard Finn
Richard Finn
Richard Finn
Richard Kosgei
Richard Kosgei
Richard Lindsey
Richard Sabourin
Richardt
Richard Wisinga
Richmond-based
Ricky Willison
Rieck
Riel
RIF
Riga Newsroom
R. Illingworth
R. Illingworth
Rimma Maslova
Rinaco Plus
R. Irani
R. Irani
R. Irani
R. Irani
Rishon
Rishon-Lezion
Rita Grande
Rita Grande
Rita Ramaunaskaite
Rita Razmaite
River Medical Inc.
Riza Altun
R. Kaluwitharana
R. Kaluwitharana
RKC Waalijk
R. Kennedy
R. Kettleborough
R Leong
R. Mahanama
RMT
Road Alert
Robben Island
.Robbie McEwen
Roberston Stephens & Co
Robert Aranosian
Robert Chabora
Robert Coughlan
Robert Frowick
Robert Frowick
Robert Galvin
Robert Gutenstein
Robert Kibet
Robert Kitson
"Roberto "" Hands of Stone "" Duran"
Roberto Jabali
Robert Stefko
"Robert W. Baird & Co . ,591_Eau.naf
Rochester Fire Department
Rodica Matescu
Rodney Mosier
Rodrigo Carneiro
Rodriguez
Rodriguez
Roe
Roest
Roest
Ro Gajadhar
Roger Atwood
Roger Grimwade
Roger Hegi
Roh Sang Rae
Rolf Soderlind
ROMANIA-HUNGARY
Romanian
Romanian-registered
Romanian Soccer Federation
Romano Sion
Romeo Wouden
Romina Nicaretta
Ronaldo Gonzalez
Rona Young
Ron Ellis
Ronny Brunswijk
Ronny Brunswijk
Ronny Wabia
Ronny Wabia
Roosevelt
Roosevelt Financial Group Inc
Rosemary Bennett
Rosemary Bennett
Ross
Rostislav Khotin
Rothschild & Cie
Rottweilers
Rouxel
ROVERETO INTERNATIONAL
Royal Armed Forces
Royal Oak
Royal Oak Mines Inc
R. Ponting
R. Ponting
R. Ponting
R. Samuels
RSR
RTRS
RTRS
RTRS
RTRS
RTRS
RTRS
RTRS
RTRS
RTRS
RTRS
RTRS
RTRS
RTRS
Rubber Board of India
Ruben Amaro
Ruben Kruge
Ruch
Ruch
Ruch SA
Rudi Thiel
Rudi Thiel
Rudolf Gajdos
Rudolf Gajdos
Rueckversicherungs AG
Ruehe
Ruehe
Ruhunu University
Rune Hansen
Rupam Banerjee
Russ Berrie and Co Inc
Russian
Russian-built
Russian-Chechen
Russian-Chechen
Russian-Chechen
Russian-made
Russian National Olympic Committee
Russian-U.S.
Russian Weather Service
Russian Weather Service
Russian Weather Service
Rustu Recber
Ruth
Ruth
Ruth Collin
Rwandan Hutu
Ryan Johnson
Ryo
Ryszard Hincza
S$
Saarbruecken
Sabourin
Sadiki
Sadiki
Saeed
Saeed Hasan
S.AFRICA
S. Africa
S. Africa
S. African
SAfrican
S.AFRICAN
S. African
S.AFRICAN
Sahara Cup
Saharan Blend
Saimir Malko
Saint-Bernard
Saint of the Gutters
Sairyu Maru No : 2
Saitoh
Sakakibara
Sake
Saladdin
Salahuddin
Salamanca
Saldanha
Saleh
Salem Bitar
Salem Bitar
sales-USDA
Salomon
Salomon
Salomon Bros .
Salomon & Taylor
Salomon & Taylor Made Co Ltd
Salou Bachirou
Salvador
Salvatore Botta
Sameh Haj Yihye
Samer Ammar Soliman
Sami Aboudi
Samir Arnaut
Sammiya Eriko
Sammy Daniels
Sammy Langat
Sam Nelson
Samokhalova
Sam Payne
Samson
Samsung
Samsung
Samsung
Samsung
Samsung
Samsung
Samuel Graham
Sam Victor Malu
Sam Wilson
Sanchez
Sanchez Vicario
Sanchez Zarraga
Sanders
San Diego-based
Sandor Peto
Sandor Tolonics
Sandra Dopfer
Sandra Dopfer
Sandra O'Neal
Sangetsu
Sangetsu Co Ltd
Sangthai Glory
Santa Fe
Santa Fe Pacific Gold Corp
Santa Maria de Pocosol
Santa Puglisi
Sant ' Egidio Community
Sao Paulo-Santos
Sarah
Sara Thorsett
Sask
Saskatchewan Pork International Marketing Group
Saturday'sWorld Cup
Sayed Salahuddin
SBCP
SBC Warburg
SBF-120
SC
S.C.
Scac Delmas Vileujeux
S. Campbell
S. Campbell
S. Campbell
S. Campbell
Schalk van der Merwe
Schalk van der Merwe
S. Chanderpaul
Schein
Schindler 's List
Schoenefeld
Schroder Wertheim & Co
Schultz
Schulz
Schutte
Scor
SCOREBOARD-AUSTRALIA
Scorpion
Scorpion Minerals Inc
Scots
Scottish premier
Scott McLeod
Scott Randall
Scott Reed
Scott Winkler
S. Doull
SDV
Seaford Union
Seagramd
Sean Farrell
Seasongood & Mayer
Seat
SEC
Securities and Exchange Commission
Securities and Exchange Commission
Securities and Exchange Commission
Securities and Exchange Commission
Securities and Exchnage Commission
Securities Products Business
Security Dynamics Technologies Inc.
Security Ministry
Security Ministry
Seguin
Seguy
Seiki Okuda
Seiki Okuda
Seiki Okuda
Selection Committee
SELES HAS
SELIKO
Semyon Sharetsky
Sen
Senate
Senate
Senate
Senate
Senate
Senate
Senate
Senate
Seneferu
Seoul Newsroom
Serb-controlled
Serb-controlled
Serb-controlled
Serb-held
Serb-held
Sereipheap Thmei
Sergei Mironov
Sergei Naumchik
Sergei Posukhov
Sergei Rogachev
Sergen Yalcin
Sergen Yalcin
Sergio
Settat
Setubal
Setubal
Severine
Severine Potty
Severine Potty
Severin Konan Kouame
Sewa
Seychellois
Sfeir
S. Fleming
S. Ganguly
Shaba
Shabir Ahmad Muhammad Jalil
Shabwa
Shabwa Block No . S-1
Shahid Hasan Khan
Shakil Rizvi
Shane Bortsch
Shane Drew
Shanghai Automobile Corporation
Shanghai Ek Chor
Shanghai-Ek Chor
Shanghai-Ek Chor Motorcycle Co
Shanghai Post and Telecomm
Shanghai Posts and Telecommunications Equipment Co
Shannon Nobis
Sharetsky
Sharqiyah
Shatskikh Oleg
Shehu
Shen
Shen Guofang
Sherbatov
Sheriat
Sheu
Sheu Yuan-dong
Shevchenko
Shimaponda
Shimazaki Kyoko
Shimizu Hiroyasu
Shimpei Nukaya
Shishu Bhavan
Shiya Takeishi
Shkirko
Shkvyrin Igor
Shul'ala
Shumer
Siam Commercial
Siam Commercial Bank Plc
Sibonina
Sidek
Sidi Kacem
Sidi Kreir
Sieg
Sierra
Sierra Semiconductor
Sierra Semiconductor Corp
Sierra Semiconductor Corp
Sietco
Sigeki Maruyama
Sigit Harjojudanto
Sikhin
Silva
Silvio Martinelli
Simec
SIMEX Brent
Simex Nikkei
SIMEX Nikkei
Simona de Logu
Simon Brown
Simon Frenz
Simon Frenz
Sinead Delahunty
Singaporean
Singapore-listed
Singapore Newsroom
Singapore Newsroom
Singapore Newsroom
Singapore Petroleum Company
Singapore Refining Company
Singer
Singer Cup
Singer Cup
Sino-Thai
Sin Tae Yong
Siofok
Siraj Mia
Sitanyi
Siti Hardianti Rukmana
S. Jayasuriya
S. Jayasuriya
Skandalidis
Skandalidis
SKIING-CHINESE
SKIING-GLADISHIVA
SKIING-WORLD CUP
SKIING-WORLD CUP
SKIING-WORLD CUP
SKODA PLZEN
SK Rapid
SKS Tana
S. Lampitt
S. Lampitt
S. Law
S. Law
S. Law
Sleeping Bread
Sletten
SLORC
SLORC
SLORC
Slough
Slough Estates Plc
Slovak Republic Argentina
Smets
Smith
S-MX
Snow
SoCal Edison
Social Democratic Union
Social Democrats
Social Democrats
Social Movement
Sodigraf
Soeren Linding Jakobsen
Sofia Newsroom
Sofia Newsroom
Sofia Newsroom
SOKOLOVSKA UHELNA
Sokol Prenga
Sokol Tychy
Sokol Tychy
Sokol Tychy
Solidarity Meeting for Sarajevo
Somerset Jewellers
Sophia Rose
Soprun
Soren B. Nielsen
Soren Lausgberg
Sorensen
SORENSEN
Sorensen
Soul Alone
Soundview Financial Group
South
South Africa
South African
South African Breweries Ltd
South African Hockey Association
South Africans
South China
Southeastern Bulgaria
Southern California Edison Co
Southern New England
Southern New England Telecommunciations Corp
South Korea Australia
South Korea-based
South Korean-related
Southland Life
Southland Life Insurance Co
South Miami Hospital
Soveit-bloc
Soviet-era
Soviet-imposed
Soviet-led
Soviet-style
S&P
S&P
S&P
SPA-FRANCOCHAMPS
Spar AG
SPC
Specia
Spela Bracun
Spela Bracun
SPIF CESKY
S&P Index
Spitzbergen
Spitzbergen
SPLA
Sporting
Sporting Sale
Spot Thomson
SPOT THOMSON
Spring
Springer
SPT TELECOM
SRC
S. Renshaw
S. Rhodes
Ssangbangwool
Ssangbangwool
Ssangbangwool
Ssangbangwool
Ssangbangwool
Ssangbangwool
St.
Stadium Court
Stadium Court
Stadium Court
Stadler
Stagecoach Holdings Plc
Stainless Fighter
Stalinist
Stanley
Stanojlovic
St Ansgar
Staouelli
Star magazine
Star magazine
State ( central ) Bank
State Council
State Council
State Customs Committee
State Law and Order Restoration Council
State Law and Order Restoration Council
State Law and Order Restoration Council
State National Bank of Greece
State Planning Commission
State Street Bank and Trust Company Prudential Securities Incorporated PaineWebber Incorporated First Union Capital Markets Corp.
Status Weekly
St. Christopher Children 's Hospital
Steady Eddie
Steel Industry Center
Stefanel Milan
Stefanie Schuster
Stefanie Schuster
Stefanie Schuster
Stefano Bordon
Stefano Cimicchi
Stefan Raichev
Steinberg
S. Tendulkar
S. Tendulkar
Stenning
Stentex
Stephanie
Stephanie Deville
Stephen Cito
Stephen Field
Stephen Field
Stephen Field
Stephen Frater
Stephen Meads
Stephen Nisbet
Stephen Nisbet
STEPHENVILLE
Stevanin
Steve Barnes
Steve Brown
Steve Conroy
Steve Jurgenson
Steven Bottomley
Steven Silber
Steven Vrolijk
Steven Waltman
Steve Pagani
Steve Schneiter
Steve Schneiter
Steve Schneiter
Steve Waltman
Steve Weizman
Stig Onarheim
Stinnes
Stirling
ST LOUIS
ST LOUIS
St Louis
ST LOUIS
ST LOUIS
St Louis
ST LOUIS
St Louis
ST LOUIS
St Louis
ST LOUIS
ST LOUIS
St Louis
ST LOUIS
St Louis
ST LOUIS
ST LOUIS
ST LOUIS
ST LOUIS
ST LOUIS
ST LOUIS
St. Louis-based
St. Matthew 's
St. Matthews Missionary Baptist Church
Stock Exchange
Stork
Stork
St Pius X High School
Stranksy
Strike Hard
Stromme
Stromsgodset
Sudan People 's Liberation Army
Sudiriman
Sudradjat Djiwandono
Suedwest LB
SUGO
SUGO
Sui Northern Gas
Sullivan 's Island
Sumitomo Corp
Sun Co
SunGard Data Systems Inc
SunGard Shareholder Systems Inc
Sun-ho
Sun Jian
Supercup
SuperCup
Super Cup
Super Cup
SUPER CUP
Super Cup
SUPER CUP
Super G
Super Indah Makmur
Supple
Supreme Coordination Council alliance
Supreme Court
Supreme Court
Surinamese-born
Surinamese-born
Susan Nadeau
Susan Smith
Suvit
Suvit Maenmuan
Suwan
Suwandi Siswoyo
SV 1860 Munich
SVCD Bulgaria
Sven Teutenberg
Sven Teutenberg
Sven Teutenberg
Sven Teutenberg
Svetlana Gladishiva
Svetlana Gladishiva
Svetlana Gladishiva
Svetlana Gladishiva
Svetlana Gladishiva
Svetlana Goncharova
Svetlana Jhurova
Svetlana Samokhalova
Svetlana Samokhalova
Svetlana Samokhalova
Svetlana Samokhvalova
Svetland Gladishiva
S. Warne
S. Watkin
S. Watkin
Swebus AB
Swede
Swede
Swift
Swiss-based
Switzerland I
SWP
Sybille Brauner
Sybille Brauner
Sydney Newsroom
Sydney Newsroom
Sydney Newsroom
Sydney Newsroom
Sydney Newsroom
Sydney Newsroom
Sydney Newsroom
Sydney Newsroom
Sydney Newsroom
Sydney Newsroom
Sydney Newsroom
Sydney Newsroom
Sydney Newsroom
Sylvie Florence
Symantec Corp.
Syrian-backed
Syrian-Lebanese
Syrians
T3
T$
TABAK
Tacambaro
Tacis
Tadeusz Awdankiewicz
Tafawa Balewa University
Taha
Taibe
TAIBE
Taichung division
Taipei Newsroom
Taipei University Hospital
Taipei University Hospital
Taisuke Tanaka
Taiwan Flour Mills Assn
Takao Sakoh
Takeda
Takeishi
Tallinna Pank
Tamas Erdei
Tambang Timah
Tamer El Sawy
Tamil
Tamil-speaking
Tan
Tang
Tang Shubei
Tang Shubei
Tankan
Tankan
Tan Kong Yam
Tarak Das
Tarawa Amphibious Readiness Group
Tareq Aziz
Tareq Aziz
Tarmac Plc
TASR
Tass
Tass
Tass
Tass
Tatian Stiajkina
TATTERSALLS BREEDERS
Tattersalls Breeders Stakes
Tatyana
Tatyana Dmitrieva
Tatyana Jecmenica
Tauranaga
Tavarez
Taylor
Taylor Asset Managers
TBC
TBN
TD Securities Inc
Tekstilshik Kamyshin
Telekom
Telekom
Telekom
Telekom
Telekom
TEMBAU DENPASAR
Tenacity
Tender Heart
Terence
Test and County Cricket Board
Tetouan
Teutenberg
Teutenberg
Texaco Inc
Texan
Texas Agricultural Statistics Service
Texas Wheat Producers
Thai Resource
THAWRA
The Canaries
The Collapse
The Decaying Mansion
THE ISLAND
The Knot
THE MUSLIM
The Natural Law Party
THE NEWS
then-U.S.
Therese
The Super Peasants
The Town of Our Lady the Queen of the Angels
The Vermonter
The Walt Disney Co
Theybers
Thiel
Thierry Dehaan
THINAKARAN
Thomas Gogele
Thomas Gogele
Thomas Gogele
Thomas Lebsa
Thomas McKinley
Thomas S
Thomas Sabotzik
Thompson
Thomson
THOMSON
Thomson BankWatch
Thorsten Rund
Tia Juana
Tiantan
Tiber
Tibor Selymess
Tigers
Tikhomirov-Maskhadov
Tilcon Inc
Tillekeratne
Tillstrom
Timah
Tim Casey
Tim Gavin
Tim Goldiman
Tim Guldimann
Tim Guldimann
Tim O'Gorman
Timothy Reid
Tina Kirzan
TM
TM
T. Moody
T. Moody
T. Munton
T. Munton
T&N
T&N Plc
T.O'Gorman
Tokyo Commodities Desk
Tokyo Commodities Desk
Tokyo Soir
Tokyo Soir Co Ltd
Tomas Cibola
Tomas Post
Tom Bellamore
Tom Lodge
Tommi Makinen
Tommi Makinen
Tommi Makinen
Tommi Makinen
Tommi Makinen
Tommi Makinen
( Tom ) Seaver
Tongo Field
Tong Shun
Tono Eitel
Tony
Tony Hands
Tony Taylor
Tony Whiteman
Toronto Bond Traders ' Association
Toronto Dominion
Tosco Corp
Total Petroleum ( North America ) Ltd
Touchstone Software Corp.
Tour
TOUR
Tour
Toure
TOUR OF NETHERLANDS
TOUR OF NETHERLANDS
TOUR OF NETHERLANDS
TOUR OF NETHERLANDS
TOUR OF NETHERLANDS
TOUR OF NETHERLANDS
Toyo Trust & Banking Co
Trace Worthington
Tracy
Tracy Roosevelt
Trade and Industry
Trade and Industry
Trades Disputes Act
trans-Atlantic
trans-Atlantic
Transkaryotic Therapies Inc
Transportation Ministry
Traore
Trax
Trax et al Morinville 10-23
Trax et al Morinville 2-25
Trax Petroleums Ltd
Treasuries
Treasuries
Treasury
Treasury
Treasury
Trepca
Trevor Holland
Trident Seven
TriNations
TRINECKE ZELEZARNY
Trine Hattesta
Trinidad
Trinidad
Trinidad
Trinidad and Tobago
Trinidad and Tobago
trip-Canada
Triple-A Columbus
Tripoli
Tripoli
Tripoli
Tripoli
Tripoli
Tripoli-based
Tritan Shehu
Trofej Beograd 96
Trofej Beograd 96
Trofej Beograd 96
TROFEJ BEOGRAD TOURNAMENT
TROFEJ BEOGRAD TOURNAMENT
Tromso
Trond Bathel
Troy Benson
Troy O'Leary
Troy O'Leary
Trulsen
Truth and Reconciliation Commission
Truth and Reconciliation Commission
Tuan Quac Phan
Tungky Ariwibowo
Tupolev 154
Turin
Turkey
Turkey
Turkey
Turkey
Turkey
Turkey
Turkey
Turkey
Turkey
Turkey
Turkey
Turkey
Turkey
Turkey
Turkey
Turkey
Turkey
Turkey
Turkey
Turkey
Turkish
Turkish
Turkish
Turkish
Turkish
Turkish
Turkish
Turkish
Turkish
TURKISH
Turkish
Turkish
Turkish
Turkish
Turkish
Turkish
Turkish Kurd
Turner
Tutsi-dominated
Tutsi-run
TVX
TVX Gold Inc
TX
Tyndall Australia Ltd
Ubimini
UEFA Fair Play
Ujpest TE
UK
UK
UK
UK
UK
UK
UK
UK
UK
UK
UK
UK
UK
UK
UKCM
Ukraina Palace
Ukrainian Academy of Agrarian Sciences
UK-US
Ulker Spor
Ulster Petroleums Ltd
Umar
Umar Said
Umar Shelling
UML
UN
UN
U.N. Council
U.N. Department of Humanitarian Affairs
Uneximbank
U.N. General Assembly
U.N. General Assembly
U.N. Human Rights Commission
Uniceramic
Unicom
union-England
United City Bank
United Coconut Associations of the Philippines
United Nations General Assembly
United Nations General Assembly
United Nations-sponsored
United People 's Front Nepal
United States I
United States III
Unitog Co
U.N.-sponsored
Urdu-speaking Moslems
Urska Horvat
Urus-Martan
US
US
US
US
US
US
USAC
USA I
USA III
U.S.-brokered
U.S.-brokered
U.S.-brokered
USDA-sponsored
U.S. Defense Logistics Agency
U.S. Department of Health and Human Services
U.S. DLA
U.S. Food and Drug Administration
U.S. Gulf
U.S. Gulf
U.S.-led
U.S.-led
U.S.-led
U.S.-led
U.S.-led
U.S.-led
U.S.-mediated
U.S.-mediated
U.S. Middle East
U.S. Municipal Desk
U.S. Municipal Desk
U.S. Municipal Desk
U.S. Municipal Desk
U.S. Municipal Desk
U.S. Municipal Desk
U.S. Municipal Desk
U.S. Municipal Desk
US Postal
U.S. Securities and Exchange Commission
U.S. Senate Banking Committee
U.S.-sponsored
U.S. Transportation Department
U.S. Treasuries
UWP
UWP-Hachette
Va
Va
Vac
Vaclavas Kidikas
Vafa Gulizade
Valentin Stefan
Valentin Valkov
Valery Ivankov
Valkov
Valkucak
Van Arum
Van Arum
Van Boxmeer
Vancouver
Van Der Horst
Van der Vegt
Van der Westhuizen
Van Doorn
Van Heeswijk
Van Heeswijk
Van Hintum
VanLandingham
Van Poppel
Van Wanrooy
Vasily Kaptyukh
Vass
Vass
Vassiliy Kaptyukh
V. Drakes
V. Drakes
V. Drakes
Vebjoen Rodal
Veerle De Jaeghere
Vega
Venalum
Venantius
VENANTIUS AB
Venezuelan Agenda
Venter
Vera Haller
Verbjorn Rodal
Vermont
Vermont
Vermont
Vermont Central Hospital
Viacom Inc-owned
Vialle
Vicente
Vicente
Vicorp Restaurants
Vicorp Restaurants Inc
Videoton(*
Vienna-based
Vincent Malakwen
Vincent Malakwen
Vincent Pamire
Vinson
Virgilius Alekna
Virna De Angeli
Vital Information System
Vitaly Smirnov
Vithoon Amorn
Vivit Chatuparisut
V. Kambli
Vladimir Makovsky
Vladislav Rodimov
VNU
VNU
Vnukovo Airlines
VODNI STAVBY PRAHA
Voeks
Volkova
Von Heesen
V. Prasad
V. Solanki
Vt
Vt
Vukasin Filipovic
VW
Vyacheslav Tikhomirov
Vyacheslav Tikhomirov
Vyacheslav Tikhomirov
W-2
WA
Wafa Amr
Waha
Wahono
Waldbaum Hamlet Cup
Waldbaum Hamlet Cup
Waldbaum Hamlet Cup
WALLABY
Wall St
Wall Street bureau
Wall Street Desk
Walter Cristofoletto
Wang
Wang
Wang
Wang Donghai
Wang Donghai
Wang Donghai
Wang Shi-Ting
Wang Shi-Ting
Warren O'Connor
Warsaw Newsroom
Warsaw Newsroom
Warsaw Newsroom
Warwara Zelenskaja
Warwara Zelenskaja
Warwara Zelenskaja
Wash.-based
Washington
Washington-based
Wataru Kubo
WATER DISTRICT 1
Waterworks Authority
W. Athey
W. Athey
Watts
Wayne Fyvie
Wayne Jordan
WBA
WBA
WBC
W.C. India
Weather Services Corporation
Weaver
Weaver
WEAVER
Webber
Weber
Weinstein
Weiss
Welikanda
Welsh National Farmers ' Union
Welspun
Welspun Stahl Rohren Ltd
Werner Zwingmann
Werner Zwingmann
WesBanco Bank
Wessels
West
West
West African
West African
West African
West Bank
West Bank
West Bank
West Bank
West Bank
West Bank
West Bank
West Bank
West Bank
West Bank
West Bank
West Bank
Western
Westerners
Western European Union
Westernising
Western-organised
Western Ukraine
Westlake
West McLaren F1 GTR
W. Hegg
White
White
Widad Fes
Widness
Widodo Gahyo Purta
Widodo Putra
Widodo Putra
Wieslaw Kaczmarek
Wijaya Indra
William Boston
William Fox
William Goldiner
William Istafanus
William J. Mercer
William Kiptum
William Luehrs
William O'Neill
Williams
Williams
William Schomberg
William VanLandingham
Willie Blair Tony Gwynn
Wim Omloop
Win Htein
Winkler
Wis
Wis
Wisinga
Witechek
W. Khan
W. Khan
W. Khan
W.N.F. Chandraratne
W. Noon
Wojtek Lazarek
Wolfgang Kotzmann
Wolfgang Kreissig
Wolsey
Woodlands Nursing Home
Worku Bekila
World Boxing Council
World Bridge
WorldCom
WorldCom
WorldCom Inc
WorldCom Inc
World Congress against Sexual Exploitation of Children
WORLD CUP
World Cup
WORLD CUP
World Cup
WORLD CUP
World Cup
WORLD CUP
World Cup
WORLD CUP
WORLD CUP
World cup
World Cup
World Cup
WORLD CUP
WORLD CUP
WORLD CUP
WORLD CUP
WORLD CUP
World Cup
World Cup
World Wars One
Wouden
Wouden
Wouden
Writers Association
WSC-India
WSRL
Wuxi Tong Ling Company Ltd
W. Va
W. Weston
x-AEK Athens
x-Anderlecht
x-Cercle Brugge
x-Club Brugge
X-DENVER
Xhelili
Xingfu
x-Olympiakos
x-PAO
Xuc Rulhong
Xue Rulhong
Yakomas
Yalcin
Yamakage Hiroaki
Yannos Papandoniou
Yastrezhembsky
Yasuhito Kawashima
Yasuo Matsushita
Yehiel Amitai
Yelena
Yellow Black
Yeltsin
Yeyen Tumera
Y-GREEN BAY
Yi Jing-Qian
Yi Jing-Qian
YIT
YIT
Yoka Lye Mudaba
Yone Kamio
Yone Kamio
Yone Kamio
Yoo Sang Chul
Yorkshire
Younnes El Aynaoui
Yugoslavia
Yugo Zastava
Yuhanna Abdullah Muhammed
Yulia Graudin
Yuri Kushko
Yuuchi Takeda
Yuuichi Takeda
Yvegeny Kafelnikov
Z$
Zagalo
Zagreb Money Market
Zagreb Newsroom
Zaire
Zairean
Zaireans
Zaklady Piwowarskie w Zywcu SA
Zarak Jahan Khan
Zelesnik
Zeleznik
Zeleznik ( B )
Zeneca Group Plc
Zeng Yaqiong
Zenon Poznyak
Zhirayr Liparityan
Zicot
Zieger
ZIFA
Zimbabwe Football Association
Zirka-Nibas
Zirka-Nibas Kirovohrad
Zoran Kundic
Zubair Jahan Khan
Zubair Jahan Khan
Zundra Feagin
Zurich
Zurich Editorial
Zywiec
